,survived,pclass,sex,age,FamilySize,isAlone,embarked_C,embarked_Q,embarked_S,deck_A,deck_B,deck_C,deck_D,deck_E,deck_F,deck_G,fare_log,sibsp_sqrt,parch_sqrt
0,0,3,1,22.0,2,0,False,False,True,False,False,False,False,False,False,True,2.1102132003465894,1.0,0.0
1,1,1,0,38.0,2,0,True,False,False,False,False,True,False,False,False,False,4.2805931204649,1.0,0.0
2,1,3,0,26.0,1,1,False,False,True,False,False,False,False,True,False,False,2.188856327665703,0.0,0.0
3,1,1,0,35.0,2,0,False,False,True,False,False,True,False,False,False,False,3.9908341858524357,1.0,0.0
4,0,3,1,35.0,1,1,False,False,True,False,False,False,False,True,False,False,2.2027647577118348,0.0,0.0
5,0,3,1,29.869351032448375,1,1,False,True,False,False,False,False,False,False,False,True,2.246892662898172,0.0,0.0
6,0,1,1,54.0,1,1,False,False,True,False,False,False,False,True,False,False,3.967694202798607,0.0,0.0
7,0,3,1,2.0,5,0,False,False,True,False,False,False,False,False,True,False,3.0944457464900235,1.5811388300841898,1.0
8,1,3,0,27.0,3,0,False,False,True,False,False,False,False,True,False,False,2.495953738718064,0.0,1.4142135623730951
9,1,2,0,14.0,2,0,True,False,False,False,False,False,True,False,False,False,3.436268471383741,1.0,0.0
10,1,3,0,4.0,3,0,False,False,True,False,False,False,False,False,False,True,2.8735646395797834,1.0,1.0
11,1,1,0,57.0,1,1,False,False,True,False,False,True,False,False,False,False,3.3160025355989236,0.0,0.0
12,0,3,1,20.0,1,1,False,False,True,False,False,False,False,True,False,False,2.2027647577118348,0.0,0.0
13,0,3,1,39.0,7,0,False,False,True,False,False,False,False,False,False,True,3.4742929367327062,1.0,1.5811388300841898
14,0,3,0,14.0,1,1,False,False,True,False,False,False,False,True,False,False,2.180891922715322,0.0,0.0
15,1,2,0,55.0,1,1,False,False,True,False,False,False,True,False,False,False,2.833213344056216,0.0,0.0
16,0,3,1,2.0,6,0,False,True,False,False,False,False,False,False,False,True,3.405355391810819,1.5811388300841898,1.0
17,1,2,1,29.869351032448375,1,1,False,False,True,False,False,False,False,True,False,False,2.6390573296152584,0.0,0.0
18,0,3,0,31.0,2,0,False,False,True,False,False,False,False,True,False,False,2.9444389791664403,1.0,0.0
19,1,3,0,29.869351032448375,1,1,True,False,False,False,False,False,False,True,False,False,2.1071782966514356,0.0,0.0
20,0,2,1,35.0,1,1,False,False,True,False,False,False,True,False,False,False,3.295836866004329,0.0,0.0
21,1,2,1,34.0,1,1,False,False,True,False,False,False,True,False,False,False,2.6390573296152584,0.0,0.0
22,1,3,0,15.0,1,1,False,True,False,False,False,False,False,True,False,False,2.2004637699272855,0.0,0.0
23,1,1,1,28.0,1,1,False,False,True,True,False,False,False,False,False,False,3.597312260588446,0.0,0.0
24,0,3,0,8.0,5,0,False,False,True,False,False,False,False,True,False,False,3.0944457464900235,1.5811388300841898,1.0
25,1,3,0,38.0,7,0,False,False,True,False,False,False,False,False,False,True,3.4777725458882283,1.0,1.5811388300841898
26,0,3,1,29.869351032448375,1,1,True,False,False,False,False,False,False,False,False,True,2.1071782966514356,0.0,0.0
27,0,1,1,19.0,6,0,False,False,True,False,False,True,False,False,False,False,4.306742249663978,1.5811388300841898,1.4142135623730951
28,1,3,0,29.869351032448375,1,1,False,True,False,False,False,False,False,True,False,False,2.1837114628556327,0.0,0.0
29,0,3,1,29.869351032448375,1,1,False,False,True,False,False,False,False,False,False,True,2.1855792552411137,0.0,0.0
30,0,1,1,40.0,1,1,True,False,False,True,False,False,False,False,False,False,3.357621598945279,0.0,0.0
31,1,1,0,29.869351032448375,2,0,True,False,False,False,True,False,False,False,False,False,4.306742249663978,1.0,0.0
32,1,3,0,29.869351032448375,1,1,False,True,False,False,False,False,False,False,False,True,2.169053700369523,0.0,0.0
33,0,2,1,57.0,1,1,False,False,True,False,False,False,False,True,False,False,2.4423470353692043,0.0,0.0
34,0,1,1,28.0,2,0,True,False,False,True,False,False,False,False,False,False,4.306742249663978,1.0,0.0
35,0,1,1,42.0,2,0,False,False,True,False,True,False,False,False,False,False,3.970291913552122,1.0,0.0
36,1,3,1,29.869351032448375,1,1,True,False,False,False,False,False,False,False,False,True,2.1076888046179385,0.0,0.0
37,0,3,1,21.0,1,1,False,False,True,False,False,False,False,False,True,False,2.2027647577118348,0.0,0.0
38,0,3,0,18.0,3,0,False,False,True,False,False,False,False,True,False,False,2.9444389791664403,1.4142135623730951,0.0
39,1,3,0,14.0,2,0,True,False,False,False,False,False,False,True,False,False,2.5048481563289,1.0,0.0
40,0,3,0,40.0,2,0,False,False,True,False,False,False,False,False,False,True,2.348991465808201,1.0,0.0
41,0,2,0,27.0,2,0,False,False,True,False,False,False,False,True,False,False,3.091042453358316,1.0,0.0
42,0,3,1,29.869351032448375,1,1,True,False,False,False,False,False,False,False,True,False,2.1855792552411137,0.0,0.0
43,1,2,0,3.0,4,0,True,False,False,False,False,False,False,True,False,False,3.7513658711253766,1.0,1.4142135623730951
44,1,3,0,19.0,1,1,False,True,False,False,False,False,False,True,False,False,2.1837114628556327,0.0,0.0
45,0,3,1,29.869351032448375,1,1,False,False,True,False,False,False,False,True,False,False,2.2027647577118348,0.0,0.0
46,0,3,1,29.869351032448375,2,0,False,True,False,False,False,False,False,False,True,False,2.803360380906535,1.0,0.0
48,0,3,1,29.869351032448375,3,0,True,False,False,False,False,False,False,True,False,False,3.1214482048688246,1.4142135623730951,0.0
49,0,3,0,18.0,2,0,False,False,True,False,False,False,False,True,False,False,2.9338568698359038,1.0,0.0
50,0,3,1,7.0,6,0,False,False,True,False,False,False,False,False,True,False,3.705920919968788,1.5811388300841898,1.0
51,0,3,1,21.0,1,1,False,False,True,False,False,False,False,True,False,False,2.174751721484161,0.0,0.0
52,1,1,0,49.0,2,0,True,False,False,False,False,False,True,False,False,False,4.306742249663978,1.0,0.0
53,1,2,0,29.0,2,0,False,False,True,False,False,False,False,True,False,False,3.295836866004329,1.0,0.0
54,0,1,1,57.0,2,0,True,False,False,False,True,False,False,False,False,False,4.142804513146981,0.0,1.0
55,1,1,1,29.869351032448375,1,1,False,False,True,False,False,True,False,False,False,False,3.597312260588446,0.0,0.0
56,1,2,0,21.0,1,1,False,False,True,False,False,False,False,True,False,False,2.4423470353692043,0.0,0.0
57,0,3,1,28.5,1,1,True,False,False,False,False,False,False,False,False,True,2.1076888046179385,0.0,0.0
58,1,2,0,5.0,4,0,False,False,True,False,False,False,False,True,False,False,3.3586377672433594,1.0,1.4142135623730951
59,0,3,1,11.0,8,0,False,False,True,False,False,False,False,True,False,False,3.8691155044168695,1.5811388300841898,1.4142135623730951
60,0,3,1,22.0,1,1,True,False,False,False,False,False,False,False,False,True,2.1076888046179385,0.0,0.0
61,1,1,0,38.0,1,1,False,False,True,False,True,False,False,False,False,False,4.306742249663978,0.0,0.0
62,0,1,1,45.0,2,0,False,False,True,False,False,True,False,False,False,False,4.306742249663978,1.0,0.0
63,0,3,1,4.0,6,0,False,False,True,False,False,False,False,False,True,False,3.3638415951183864,1.5811388300841898,1.4142135623730951
64,0,1,1,29.869351032448375,1,1,True,False,False,False,False,True,False,False,False,False,3.357621598945279,0.0,0.0
65,1,3,1,29.869351032448375,3,0,True,False,False,False,False,False,False,True,False,False,2.7878344138303452,1.0,1.0
66,1,2,0,29.0,1,1,False,False,True,False,False,False,False,False,True,False,2.4423470353692043,0.0,0.0
67,0,3,1,19.0,1,1,False,False,True,False,False,False,False,False,True,False,2.2146605719425225,0.0,0.0
68,1,3,0,17.0,7,0,False,False,True,False,False,False,False,True,False,False,2.188856327665703,1.5811388300841898,1.4142135623730951
69,0,3,1,26.0,3,0,False,False,True,False,False,False,False,False,False,True,2.2682524139135403,1.4142135623730951,0.0
70,0,2,1,32.0,1,1,False,False,True,False,False,False,False,True,False,False,2.4423470353692043,0.0,0.0
71,0,3,0,16.0,8,0,False,False,True,False,False,False,False,False,False,True,3.8691155044168695,1.5811388300841898,1.4142135623730951
72,0,2,1,21.0,1,1,False,False,True,False,False,False,False,True,False,False,4.306742249663978,0.0,0.0
73,0,3,1,26.0,2,0,True,False,False,False,False,False,False,False,False,True,2.737880811060884,1.0,0.0
74,1,3,1,32.0,1,1,False,False,True,False,False,False,False,True,False,False,4.05171190165724,0.0,0.0
75,0,3,1,25.0,1,1,False,False,True,False,False,False,False,False,True,False,2.157559320943788,0.0,0.0
78,1,2,1,1.0,3,0,False,False,True,False,False,False,True,False,False,False,3.4011973816621555,0.0,1.4142135623730951
79,1,3,0,30.0,1,1,False,False,True,False,False,False,False,True,False,False,2.600836116795061,0.0,0.0
80,0,3,1,22.0,1,1,False,False,True,False,False,False,False,False,False,True,2.302585092994046,0.0,0.0
81,1,3,1,29.0,1,1,False,False,True,False,False,False,False,True,False,False,2.3513752571634776,0.0,0.0
82,1,3,0,29.869351032448375,1,1,False,True,False,False,False,False,False,False,True,False,2.1733302571367834,0.0,0.0
83,0,1,1,28.0,1,1,False,False,True,True,False,False,False,False,False,False,3.8732821771117156,0.0,0.0
84,1,2,0,17.0,1,1,False,False,True,False,False,False,True,False,False,False,2.4423470353692043,0.0,0.0
85,1,3,0,33.0,4,0,False,False,True,False,False,False,False,True,False,False,2.8243506567983707,1.5811388300841898,0.0
86,0,3,1,16.0,5,0,False,False,True,False,False,False,False,False,True,False,3.5660053559634015,1.0,1.5811388300841898
88,1,1,0,23.0,6,0,False,False,True,False,False,True,False,False,False,False,4.306742249663978,1.5811388300841898,1.4142135623730951
89,0,3,1,24.0,1,1,False,False,True,False,False,False,False,False,True,False,2.2027647577118348,0.0,0.0
90,0,3,1,29.0,1,1,False,False,True,False,False,False,False,False,True,False,2.2027647577118348,0.0,0.0
91,0,3,1,20.0,1,1,False,False,True,False,False,False,False,False,False,True,2.180891922715322,0.0,0.0
92,0,1,1,46.0,2,0,False,False,True,False,False,False,False,True,False,False,4.1299529896894684,1.0,0.0
93,0,3,1,26.0,4,0,False,False,True,False,False,False,False,False,True,False,3.0715352369694915,1.0,1.4142135623730951
94,0,3,1,57.0,1,1,False,False,True,False,False,False,False,True,False,False,2.1102132003465894,0.0,0.0
96,0,1,1,57.0,1,1,True,False,False,True,False,False,False,False,False,False,3.57386695198272,0.0,0.0
97,1,1,1,23.0,2,0,True,False,False,False,False,False,True,False,False,False,4.164465907853638,0.0,1.0
98,1,2,0,34.0,2,0,False,False,True,False,False,False,False,True,False,False,3.1780538303479458,0.0,1.0
99,0,2,1,34.0,2,0,False,False,True,False,False,False,False,True,False,False,3.295836866004329,1.0,0.0
100,0,3,0,28.0,1,1,False,False,True,False,False,False,False,True,False,False,2.1855792552411137,0.0,0.0
102,0,1,1,21.0,2,0,False,False,True,False,False,False,True,False,False,False,4.306742249663978,0.0,1.0
103,0,3,1,33.0,1,1,False,False,True,False,False,False,False,False,False,True,2.267393053825037,0.0,0.0
104,0,3,1,37.0,3,0,False,False,True,False,False,False,False,False,True,False,2.188856327665703,1.4142135623730951,0.0
105,0,3,1,28.0,1,1,False,False,True,False,False,False,False,False,False,True,2.1855792552411137,0.0,0.0
106,1,3,0,21.0,1,1,False,False,True,False,False,False,False,False,False,True,2.157559320943788,0.0,0.0
107,1,3,1,29.869351032448375,1,1,False,False,True,False,False,False,False,False,False,True,2.1719067693519296,0.0,0.0
108,0,3,1,38.0,1,1,False,False,True,False,False,False,False,True,False,False,2.1855792552411137,0.0,0.0
109,1,3,0,29.869351032448375,2,0,False,True,False,False,False,False,False,False,False,True,3.224857896545748,1.0,0.0
110,0,1,1,47.0,1,1,False,False,True,False,False,True,False,False,False,False,3.970291913552122,0.0,0.0
111,0,3,0,14.5,2,0,True,False,False,False,False,False,False,False,False,True,2.737880811060884,1.0,0.0
112,0,3,1,22.0,1,1,False,False,True,False,False,False,False,True,False,False,2.2027647577118348,0.0,0.0
113,0,3,0,20.0,2,0,False,False,True,False,False,False,False,False,False,True,2.3818582738885534,1.0,0.0
114,0,3,0,17.0,1,1,True,False,False,False,False,False,False,False,False,True,2.738146075922933,0.0,0.0
115,0,3,1,21.0,1,1,False,False,True,False,False,False,False,True,False,False,2.188856327665703,0.0,0.0
116,0,3,1,57.0,1,1,False,True,False,False,False,False,False,True,False,False,2.169053700369523,0.0,0.0
117,0,2,1,29.0,2,0,False,False,True,False,False,False,False,True,False,False,3.091042453358316,1.0,0.0
118,0,1,1,24.0,2,0,True,False,False,False,True,False,False,False,False,False,4.306742249663978,0.0,1.0
119,0,3,0,2.0,7,0,False,False,True,False,False,False,False,False,True,False,3.4742929367327062,1.5811388300841898,1.4142135623730951
120,0,2,1,21.0,3,0,False,False,True,False,False,False,False,True,False,False,4.306742249663978,1.4142135623730951,0.0
122,0,2,1,32.5,2,0,True,False,False,False,False,False,True,False,False,False,3.436268471383741,1.0,0.0
123,1,2,0,32.5,1,1,False,False,True,False,False,False,False,True,False,False,2.6390573296152584,0.0,0.0
124,0,1,1,54.0,2,0,False,False,True,False,False,False,True,False,False,False,4.306742249663978,0.0,1.0
125,1,3,1,12.0,2,0,True,False,False,False,False,False,False,False,False,True,2.5048481563289,1.0,0.0
126,0,3,1,29.869351032448375,1,1,False,True,False,False,False,False,False,False,True,False,2.169053700369523,0.0,0.0
127,1,3,1,24.0,1,1,False,False,True,False,False,False,False,True,False,False,2.0969990034181696,0.0,0.0
128,1,3,0,29.869351032448375,3,0,True,False,False,False,False,False,False,False,True,False,3.1509523813392697,1.0,1.0
129,0,3,1,45.0,1,1,False,False,True,False,False,False,False,True,False,False,2.076311648670908,0.0,0.0
130,0,3,1,33.0,1,1,True,False,False,False,False,False,False,True,False,False,2.1855792552411137,0.0,0.0
131,0,3,1,20.0,1,1,False,False,True,False,False,False,False,False,True,False,2.085672091430472,0.0,0.0
132,0,3,0,47.0,2,0,False,False,True,False,False,False,False,False,True,False,2.740840023925201,1.0,0.0
134,0,2,1,25.0,1,1,False,False,True,False,False,False,False,True,False,False,2.6390573296152584,0.0,0.0
135,0,2,1,23.0,1,1,True,False,False,False,False,False,True,False,False,False,2.775447133088262,0.0,0.0
136,1,1,0,19.0,3,0,False,False,True,False,False,False,True,False,False,False,3.3062747934011893,0.0,1.4142135623730951
137,0,1,1,37.0,2,0,False,False,True,False,False,True,False,False,False,False,3.9908341858524357,1.0,0.0
138,0,3,1,16.0,1,1,False,False,True,False,False,False,False,True,False,False,2.3240236363515288,0.0,0.0
139,0,1,1,24.0,1,1,True,False,False,False,True,False,False,False,False,False,4.306742249663978,0.0,0.0
140,0,3,0,29.869351032448375,3,0,True,False,False,False,False,False,False,False,False,True,2.7878344138303452,0.0,1.4142135623730951
141,1,3,0,22.0,1,1,False,False,True,False,False,False,False,False,False,True,2.169053700369523,0.0,0.0
142,1,3,0,24.0,2,0,False,False,True,False,False,False,False,False,True,False,2.8243506567983707,1.0,0.0
143,0,3,1,19.0,1,1,False,True,False,False,False,False,False,True,False,False,2.0476928433652555,0.0,0.0
144,0,2,1,18.0,1,1,False,False,True,False,False,False,False,True,False,False,2.5257286443082556,0.0,0.0
145,0,2,1,19.0,3,0,False,False,True,False,False,False,False,True,False,False,3.6309854756950335,1.0,1.0
146,1,3,1,27.0,1,1,False,False,True,False,False,False,False,False,False,True,2.174274334826008,0.0,0.0
147,0,3,0,9.0,5,0,False,False,True,False,False,False,False,False,True,False,3.5660053559634015,1.4142135623730951,1.4142135623730951
148,0,2,1,36.5,3,0,False,False,True,False,False,False,False,False,True,False,3.295836866004329,0.0,1.4142135623730951
149,0,2,1,42.0,1,1,False,False,True,False,False,False,True,False,False,False,2.6390573296152584,0.0,0.0
150,0,2,1,51.0,1,1,False,False,True,False,False,False,False,True,False,False,2.6045398247325453,0.0,0.0
151,1,1,0,22.0,2,0,False,False,True,False,False,True,False,False,False,False,4.213607983048918,1.0,0.0
152,0,3,1,55.5,1,1,False,False,True,False,False,False,False,True,False,False,2.2027647577118348,0.0,0.0
153,0,3,1,40.5,3,0,False,False,True,False,False,False,False,True,False,False,2.740840023925201,0.0,1.4142135623730951
154,0,3,1,29.869351032448375,1,1,False,False,True,False,False,False,False,False,False,True,2.1177604059819726,0.0,0.0
155,0,1,1,51.0,2,0,True,False,False,False,False,True,False,False,False,False,4.133231886474144,0.0,1.0
156,1,3,0,16.0,1,1,False,True,False,False,False,False,False,False,False,True,2.167143305297764,0.0,0.0
157,0,3,1,30.0,1,1,False,False,True,False,False,False,False,False,True,False,2.2027647577118348,0.0,0.0
158,0,3,1,29.869351032448375,1,1,False,False,True,False,False,False,False,False,False,True,2.2682524139135403,0.0,0.0
159,0,3,1,29.869351032448375,11,0,False,False,True,False,False,False,False,False,False,True,4.256321678298823,1.5811388300841898,1.4142135623730951
160,0,3,1,44.0,2,0,False,False,True,False,False,False,False,False,True,False,2.8390784635086144,0.0,1.0
161,1,2,0,40.0,1,1,False,False,True,False,False,False,False,True,False,False,2.8183982582710754,0.0,0.0
162,0,3,1,26.0,1,1,False,False,True,False,False,False,False,False,True,False,2.1719067693519296,0.0,0.0
163,0,3,1,17.0,1,1,False,False,True,False,False,False,False,True,False,False,2.2682524139135403,0.0,0.0
164,0,3,1,1.0,6,0,False,False,True,False,False,False,False,True,False,False,3.705920919968788,1.5811388300841898,1.0
165,1,3,1,9.0,3,0,False,False,True,False,False,False,False,False,False,True,3.0692150503137943,0.0,1.4142135623730951
166,1,1,0,29.869351032448375,2,0,False,False,True,False,False,False,False,True,False,False,4.02535169073515,0.0,1.0
167,0,3,0,45.0,6,0,False,False,True,False,False,False,False,False,True,False,3.3638415951183864,1.0,1.5811388300841898
168,0,1,1,29.869351032448375,1,1,False,False,True,True,False,False,False,False,False,False,3.2930552230424524,0.0,0.0
169,0,3,1,28.0,1,1,False,False,True,False,False,False,False,True,False,False,4.05171190165724,0.0,0.0
170,0,1,1,57.0,1,1,False,False,True,False,True,False,False,False,False,False,3.5409593240373143,0.0,0.0
171,0,3,1,4.0,6,0,False,True,False,False,False,False,False,True,False,False,3.405355391810819,1.5811388300841898,1.0
172,1,3,0,1.0,3,0,False,False,True,False,False,False,False,True,False,False,2.495953738718064,1.0,1.0
174,0,1,1,56.0,1,1,True,False,False,True,False,False,False,False,False,False,3.4561841799918147,0.0,0.0
175,0,3,1,18.0,3,0,False,False,True,False,False,False,False,False,False,True,2.180891922715322,1.0,1.0
176,0,3,1,29.869351032448375,5,0,False,False,True,False,False,False,False,True,False,False,3.275887339030031,1.5811388300841898,1.0
177,0,1,0,50.0,1,1,True,False,False,False,False,True,False,False,False,False,3.391567832686312,0.0,0.0
178,0,2,1,30.0,1,1,False,False,True,False,False,False,False,True,False,False,2.6390573296152584,0.0,0.0
179,0,3,1,36.0,1,1,False,False,True,False,False,False,False,False,False,True,0.0,0.0,0.0
180,0,3,0,29.869351032448375,11,0,False,False,True,False,False,False,False,True,False,False,4.256321678298823,1.5811388300841898,1.4142135623730951
181,0,2,1,29.869351032448375,1,1,True,False,False,False,False,False,False,True,False,False,2.775708849576025,0.0,0.0
182,0,3,1,9.0,7,0,False,False,True,False,False,False,False,False,True,False,3.4777725458882283,1.5811388300841898,1.4142135623730951
183,1,2,1,1.0,4,0,False,False,True,False,False,False,False,False,True,False,3.6888794541139363,1.4142135623730951,1.0
184,1,3,0,4.0,3,0,False,False,True,False,False,False,False,False,False,True,3.1365805821413706,0.0,1.4142135623730951
185,0,1,1,29.869351032448375,1,1,False,False,True,True,False,False,False,False,False,False,3.9318256327243257,0.0,0.0
186,1,3,0,29.869351032448375,2,0,False,True,False,False,False,False,False,False,True,False,2.803360380906535,1.0,0.0
187,1,1,1,45.0,1,1,False,False,True,False,False,True,False,False,False,False,3.3160025355989236,0.0,0.0
188,0,3,1,40.0,3,0,False,True,False,False,False,False,False,False,True,False,2.803360380906535,1.0,1.0
189,0,3,1,36.0,1,1,False,False,True,False,False,False,False,False,False,True,2.1855792552411137,0.0,0.0
190,1,2,0,32.0,1,1,False,False,True,False,False,False,True,False,False,False,2.6390573296152584,0.0,0.0
191,0,2,1,19.0,1,1,False,False,True,False,False,False,True,False,False,False,2.6390573296152584,0.0,0.0
192,1,3,0,19.0,2,0,False,False,True,False,False,False,False,False,False,True,2.180891922715322,1.0,0.0
193,1,2,1,3.0,3,0,False,False,True,False,False,False,False,False,True,False,3.295836866004329,1.0,1.0
194,1,1,0,44.0,1,1,True,False,False,False,True,False,False,False,False,False,3.357621598945279,0.0,0.0
195,1,1,0,57.0,1,1,True,False,False,False,True,False,False,False,False,False,4.306742249663978,0.0,0.0
197,0,3,1,42.0,2,0,False,False,True,False,False,False,False,False,False,True,2.2411563979973974,0.0,1.0
199,0,2,0,24.0,1,1,False,False,True,False,False,False,False,True,False,False,2.6390573296152584,0.0,0.0
200,0,3,1,28.0,1,1,False,False,True,False,False,False,False,False,False,True,2.3513752571634776,0.0,0.0
202,0,3,1,34.0,1,1,False,False,True,False,False,False,False,False,True,False,2.0143428636837015,0.0,0.0
203,0,3,1,45.5,1,1,True,False,False,False,False,False,False,True,False,False,2.1071782966514356,0.0,0.0
204,1,3,1,18.0,1,1,False,False,True,False,False,False,False,False,True,False,2.2027647577118348,0.0,0.0
205,0,3,0,2.0,2,0,False,False,True,False,False,False,False,False,False,True,2.4390808375825834,0.0,1.0
206,0,3,1,32.0,2,0,False,False,True,False,False,False,False,False,True,False,2.8243506567983707,1.0,0.0
207,1,3,1,26.0,1,1,True,False,False,False,False,False,False,True,False,False,2.9850504252071306,0.0,0.0
208,1,3,0,16.0,1,1,False,True,False,False,False,False,False,False,True,False,2.169053700369523,0.0,0.0
209,1,1,1,40.0,1,1,True,False,False,True,False,False,False,False,False,False,3.4657359027997265,0.0,0.0
210,0,3,1,24.0,1,1,False,False,True,False,False,False,False,True,False,False,2.085672091430472,0.0,0.0
211,1,2,0,35.0,1,1,False,False,True,False,False,False,False,True,False,False,3.091042453358316,0.0,0.0
212,0,3,1,22.0,1,1,False,False,True,False,False,False,False,False,False,True,2.1102132003465894,0.0,0.0
214,0,3,1,29.869351032448375,2,0,False,True,False,False,False,False,False,True,False,False,2.169053700369523,1.0,0.0
215,1,1,0,31.0,2,0,True,False,False,False,False,False,True,False,False,False,4.306742249663978,1.0,0.0
216,1,3,0,27.0,1,1,False,False,True,False,False,False,False,False,False,True,2.188856327665703,0.0,0.0
217,0,2,1,42.0,2,0,False,False,True,False,False,False,True,False,False,False,3.332204510175204,1.0,0.0
218,1,1,0,32.0,1,1,True,False,False,False,False,False,True,False,False,False,4.306742249663978,0.0,0.0
219,0,2,1,30.0,1,1,False,False,True,False,False,False,False,True,False,False,2.4423470353692043,0.0,0.0
220,1,3,1,16.0,1,1,False,False,True,False,False,False,False,False,False,True,2.2027647577118348,0.0,0.0
221,0,2,1,27.0,1,1,False,False,True,False,False,False,True,False,False,False,2.6390573296152584,0.0,0.0
222,0,3,1,51.0,1,1,False,False,True,False,False,False,False,True,False,False,2.2027647577118348,0.0,0.0
224,1,1,1,38.0,2,0,False,False,True,False,False,True,False,False,False,False,4.306742249663978,1.0,0.0
225,0,3,1,22.0,1,1,False,False,True,False,False,False,False,False,True,False,2.336986519711378,0.0,0.0
226,1,2,1,19.0,1,1,False,False,True,False,False,False,True,False,False,False,2.4423470353692043,0.0,0.0
227,0,3,1,20.5,1,1,False,False,True,False,False,False,False,False,False,True,2.1102132003465894,0.0,0.0
228,0,2,1,18.0,1,1,False,False,True,False,False,False,True,False,False,False,2.6390573296152584,0.0,0.0
229,0,3,0,29.869351032448375,5,0,False,False,True,False,False,False,False,False,False,True,3.275887339030031,1.5811388300841898,1.0
230,1,1,0,35.0,2,0,False,False,True,False,False,True,False,False,False,False,4.306742249663978,1.0,0.0
231,0,3,1,29.0,1,1,False,False,True,False,False,False,False,False,True,False,2.1719067693519296,0.0,0.0
232,0,2,1,57.0,1,1,False,False,True,False,False,False,False,True,False,False,2.6741486494265287,0.0,0.0
233,1,3,0,5.0,7,0,False,False,True,False,False,False,False,True,False,False,3.4777725458882283,1.5811388300841898,1.4142135623730951
234,0,2,1,24.0,1,1,False,False,True,False,False,False,True,False,False,False,2.4423470353692043,0.0,0.0
235,0,3,0,29.869351032448375,1,1,False,False,True,False,False,False,False,False,True,False,2.145931282948669,0.0,0.0
236,0,2,1,44.0,2,0,False,False,True,False,False,False,False,True,False,False,3.295836866004329,1.0,0.0
237,1,2,0,8.0,3,0,False,False,True,False,False,False,True,False,False,False,3.305053521109253,0.0,1.4142135623730951
238,0,2,1,19.0,1,1,False,False,True,False,False,False,True,False,False,False,2.4423470353692043,0.0,0.0
239,0,2,1,33.0,1,1,False,False,True,False,False,False,True,False,False,False,2.5858825671280026,0.0,0.0
240,0,3,0,29.869351032448375,2,0,True,False,False,False,False,False,False,False,False,True,2.737880811060884,1.0,0.0
242,0,2,1,29.0,1,1,False,False,True,False,False,False,True,False,False,False,2.4423470353692043,0.0,0.0
243,0,3,1,22.0,1,1,False,False,True,False,False,False,False,True,False,False,2.094945728215801,0.0,0.0
244,0,3,1,30.0,1,1,True,False,False,False,False,False,False,False,False,True,2.1071782966514356,0.0,0.0
245,0,1,1,44.0,3,0,False,True,False,False,False,True,False,False,False,False,4.306742249663978,1.4142135623730951,0.0
246,0,3,0,25.0,1,1,False,False,True,False,False,False,False,False,True,False,2.1719067693519296,0.0,0.0
247,1,2,0,24.0,3,0,False,False,True,False,False,False,True,False,False,False,2.740840023925201,0.0,1.4142135623730951
248,1,1,1,37.0,3,0,False,False,True,False,False,False,True,False,False,False,3.9806942251907276,1.0,1.0
249,0,2,1,54.0,2,0,False,False,True,False,False,False,True,False,False,False,3.295836866004329,1.0,0.0
250,0,3,1,29.869351032448375,1,1,False,False,True,False,False,False,False,True,False,False,2.1102132003465894,0.0,0.0
251,0,3,0,29.0,3,0,False,False,True,False,False,False,False,False,False,True,2.4390808375825834,1.0,1.0
252,0,1,1,57.0,1,1,False,False,True,False,False,True,False,False,False,False,3.3160025355989236,0.0,0.0
253,0,3,1,30.0,2,0,False,False,True,False,False,False,False,False,False,True,2.8390784635086144,1.0,0.0
254,0,3,0,41.0,3,0,False,False,True,False,False,False,False,False,True,False,3.0545906305603445,0.0,1.4142135623730951
255,1,3,0,29.0,3,0,True,False,False,False,False,False,False,False,False,True,2.7878344138303452,0.0,1.4142135623730951
256,1,1,0,29.869351032448375,1,1,True,False,False,True,False,False,False,False,False,False,4.306742249663978,0.0,0.0
257,1,1,0,30.0,1,1,False,False,True,False,True,False,False,False,False,False,4.306742249663978,0.0,0.0
258,1,1,0,35.0,1,1,True,False,False,False,True,False,False,False,False,False,4.306742249663978,0.0,0.0
259,1,2,0,50.0,2,0,False,False,True,False,False,False,False,True,False,False,3.295836866004329,0.0,1.0
261,1,3,1,3.0,7,0,False,False,True,False,False,False,False,True,False,False,3.4777725458882283,1.5811388300841898,1.4142135623730951
262,0,1,1,52.0,3,0,False,False,True,False,False,False,False,True,False,False,4.306742249663978,1.0,1.0
263,0,1,1,40.0,1,1,False,False,True,False,True,False,False,False,False,False,0.0,0.0,0.0
264,0,3,0,29.869351032448375,1,1,False,True,False,False,False,False,False,False,False,True,2.169053700369523,0.0,0.0
265,0,2,1,36.0,1,1,False,False,True,False,False,False,True,False,False,False,2.4423470353692043,0.0,0.0
266,0,3,1,16.0,6,0,False,False,True,False,False,False,False,False,False,True,3.705920919968788,1.5811388300841898,1.0
267,1,3,1,25.0,2,0,False,False,True,False,False,False,False,False,True,False,2.1719067693519296,1.0,0.0
268,1,1,0,57.0,2,0,False,False,True,False,False,True,False,False,False,False,4.306742249663978,0.0,1.0
269,1,1,0,35.0,1,1,False,False,True,False,False,True,False,False,False,False,4.306742249663978,0.0,0.0
270,0,1,1,29.869351032448375,1,1,False,False,True,False,True,False,False,False,False,False,3.4657359027997265,0.0,0.0
271,1,3,1,25.0,1,1,False,False,True,False,False,False,False,False,False,True,0.0,0.0,0.0
272,1,2,0,41.0,2,0,False,False,True,False,False,False,False,True,False,False,3.0204248861443626,0.0,1.0
273,0,1,1,37.0,2,0,True,False,False,False,False,True,False,False,False,False,3.4242626545931514,0.0,1.0
275,1,1,0,57.0,2,0,False,False,True,False,False,False,True,False,False,False,4.306742249663978,1.0,0.0
276,0,3,0,45.0,1,1,False,False,True,False,False,False,False,False,True,False,2.169053700369523,0.0,0.0
277,0,2,1,29.869351032448375,1,1,False,False,True,False,False,False,False,True,False,False,0.0,0.0,0.0
278,0,3,1,7.0,6,0,False,True,False,False,False,False,False,True,False,False,3.405355391810819,1.5811388300841898,1.0
279,1,3,0,35.0,3,0,False,False,True,False,False,False,False,True,False,False,3.056356895370426,1.0,1.0
280,0,3,1,57.0,1,1,False,True,False,False,False,False,False,True,False,False,2.169053700369523,0.0,0.0
281,0,3,1,28.0,1,1,False,False,True,False,False,False,False,True,False,False,2.180891922715322,0.0,0.0
282,0,3,1,16.0,1,1,False,False,True,False,False,False,False,False,True,False,2.3513752571634776,0.0,0.0
283,1,3,1,19.0,1,1,False,False,True,False,False,False,False,True,False,False,2.2027647577118348,0.0,0.0
284,0,1,1,29.869351032448375,1,1,False,False,True,True,False,False,False,False,False,False,3.295836866004329,0.0,0.0
285,0,3,1,33.0,1,1,True,False,False,False,False,False,False,False,False,True,2.2682524139135403,0.0,0.0
286,1,3,1,30.0,1,1,False,False,True,False,False,False,False,False,False,True,2.3513752571634776,0.0,0.0
287,0,3,1,22.0,1,1,False,False,True,False,False,False,False,True,False,False,2.1855792552411137,0.0,0.0
288,1,2,1,42.0,1,1,False,False,True,False,False,False,True,False,False,False,2.6390573296152584,0.0,0.0
289,1,3,0,22.0,1,1,False,True,False,False,False,False,False,True,False,False,2.169053700369523,0.0,0.0
290,1,1,0,26.0,1,1,False,False,True,True,False,False,False,False,False,False,4.306742249663978,0.0,0.0
291,1,1,0,19.0,2,0,True,False,False,False,True,False,False,False,False,False,4.306742249663978,1.0,0.0
292,0,2,1,36.0,1,1,True,False,False,False,False,False,True,False,False,False,2.630088659632498,0.0,0.0
293,0,3,0,24.0,1,1,False,False,True,False,False,False,False,False,False,True,2.2874714551839976,0.0,0.0
294,0,3,1,24.0,1,1,False,False,True,False,False,False,False,False,False,True,2.1855792552411137,0.0,0.0
296,0,3,1,23.5,1,1,True,False,False,False,False,False,False,True,False,False,2.1076888046179385,0.0,0.0
297,0,1,0,2.0,4,0,False,False,True,False,False,True,False,False,False,False,4.306742249663978,1.0,1.4142135623730951
298,1,1,1,29.869351032448375,1,1,False,False,True,False,False,True,False,False,False,False,3.449987545831587,0.0,0.0
299,1,1,0,50.0,2,0,True,False,False,False,True,False,False,False,False,False,4.306742249663978,0.0,1.0
301,1,3,1,29.869351032448375,3,0,False,True,False,False,False,False,False,True,False,False,3.188416617383492,1.4142135623730951,0.0
302,0,3,1,19.0,1,1,False,False,True,False,False,False,False,True,False,False,0.0,0.0,0.0
303,1,2,0,29.869351032448375,1,1,False,True,False,False,False,False,False,True,False,False,2.5915163848462583,0.0,0.0
305,1,1,1,1.0,4,0,False,False,True,False,False,True,False,False,False,False,4.306742249663978,1.0,1.4142135623730951
306,1,1,0,29.869351032448375,1,1,True,False,False,True,False,False,False,False,False,False,4.306742249663978,0.0,0.0
307,1,1,0,17.0,2,0,True,False,False,False,False,True,False,False,False,False,4.306742249663978,1.0,0.0
308,0,2,1,30.0,2,0,True,False,False,False,False,False,False,True,False,False,3.2188758248682006,1.0,0.0
309,1,1,0,30.0,1,1,True,False,False,False,False,False,False,True,False,False,4.0592215752427645,0.0,0.0
310,1,1,0,24.0,1,1,True,False,False,False,False,True,False,False,False,False,4.306742249663978,0.0,0.0
311,1,1,0,18.0,5,0,True,False,False,False,True,False,False,False,False,False,4.306742249663978,1.4142135623730951,1.4142135623730951
312,0,2,0,26.0,3,0,False,False,True,False,False,False,True,False,False,False,3.295836866004329,1.0,1.0
314,0,2,1,43.0,3,0,False,False,True,False,False,False,True,False,False,False,3.305053521109253,1.0,1.0
315,1,3,0,26.0,1,1,False,False,True,False,False,False,False,False,True,False,2.180891922715322,0.0,0.0
316,1,2,0,24.0,2,0,False,False,True,False,False,False,False,True,False,False,3.295836866004329,1.0,0.0
317,0,2,1,54.0,1,1,False,False,True,False,False,False,True,False,False,False,2.70805020110221,0.0,0.0
318,1,1,0,31.0,3,0,False,False,True,False,False,True,False,False,False,False,4.306742249663978,0.0,1.4142135623730951
319,1,1,0,40.0,3,0,True,False,False,False,False,False,False,True,False,False,4.306742249663978,1.0,1.0
321,0,3,1,27.0,1,1,False,False,True,False,False,False,False,False,False,True,2.1855792552411137,0.0,0.0
322,1,2,0,30.0,1,1,False,True,False,False,False,False,True,False,False,False,2.5915163848462583,0.0,0.0
323,1,2,0,22.0,3,0,False,False,True,False,False,False,False,True,False,False,3.4011973816621555,1.0,1.0
325,1,1,0,36.0,1,1,True,False,False,False,False,True,False,False,False,False,4.306742249663978,0.0,0.0
326,0,3,1,57.0,1,1,False,False,True,False,False,False,False,True,False,False,1.9792758428991135,0.0,0.0
327,1,2,0,36.0,1,1,False,False,True,False,False,False,True,False,False,False,2.6390573296152584,0.0,0.0
328,1,3,0,31.0,3,0,False,False,True,False,False,False,False,False,True,False,3.0692150503137943,1.0,1.0
329,1,1,0,16.0,2,0,True,False,False,False,True,False,False,False,False,False,4.077184839375167,0.0,1.0
330,1,3,0,29.869351032448375,3,0,False,True,False,False,False,False,False,False,True,False,3.188416617383492,1.4142135623730951,0.0
331,0,1,1,45.5,1,1,False,False,True,False,False,True,False,False,False,False,3.3843902633457743,0.0,0.0
332,0,1,1,38.0,2,0,False,False,True,False,False,True,False,False,False,False,4.306742249663978,0.0,1.0
333,0,3,1,16.0,3,0,False,False,True,False,False,False,False,True,False,False,2.9444389791664403,1.4142135623730951,0.0
334,1,1,0,29.869351032448375,2,0,False,False,True,True,False,False,False,False,False,False,4.306742249663978,1.0,0.0
336,0,1,1,29.0,2,0,False,False,True,False,False,True,False,False,False,False,4.213607983048918,1.0,0.0
337,1,1,0,41.0,1,1,True,False,False,False,False,False,False,True,False,False,4.306742249663978,0.0,0.0
338,1,3,1,45.0,1,1,False,False,True,False,False,False,False,True,False,False,2.2027647577118348,0.0,0.0
339,0,1,1,45.0,1,1,False,False,True,False,False,True,False,False,False,False,3.597312260588446,0.0,0.0
340,1,2,1,2.0,3,0,False,False,True,False,False,False,False,False,True,False,3.295836866004329,1.0,1.0
341,1,1,0,24.0,6,0,False,False,True,False,False,True,False,False,False,False,4.306742249663978,1.5811388300841898,1.4142135623730951
342,0,2,1,28.0,1,1,False,False,True,False,False,False,False,True,False,False,2.6390573296152584,0.0,0.0
344,0,2,1,36.0,1,1,False,False,True,False,False,False,False,True,False,False,2.6390573296152584,0.0,0.0
345,1,2,0,24.0,1,1,False,False,True,False,False,False,False,False,True,False,2.6390573296152584,0.0,0.0
346,1,2,0,40.0,1,1,False,False,True,False,False,False,False,True,False,False,2.6390573296152584,0.0,0.0
347,1,3,0,29.869351032448375,2,0,False,False,True,False,False,False,False,False,True,False,2.8390784635086144,1.0,0.0
348,1,3,1,3.0,3,0,False,False,True,False,False,False,False,False,True,False,2.827313621929028,1.0,1.0
349,0,3,1,42.0,1,1,False,False,True,False,False,False,False,False,False,True,2.2682524139135403,0.0,0.0
350,0,3,1,23.0,1,1,False,False,True,False,False,False,False,True,False,False,2.3248357019288655,0.0,0.0
351,0,1,1,29.869351032448375,1,1,False,False,True,False,False,True,False,False,False,False,3.58351893845611,0.0,0.0
352,0,3,1,15.0,3,0,True,False,False,False,False,False,False,False,False,True,2.1076888046179385,1.0,1.0
353,0,3,1,25.0,2,0,False,False,True,False,False,False,False,False,False,True,2.9338568698359038,1.0,0.0
356,1,1,0,22.0,2,0,False,False,True,False,False,False,False,True,False,False,4.02535169073515,0.0,1.0
357,0,2,0,38.0,1,1,False,False,True,False,False,False,True,False,False,False,2.6390573296152584,0.0,0.0
360,0,3,1,40.0,6,0,False,False,True,False,False,False,False,True,False,False,3.3638415951183864,1.0,1.5811388300841898
361,0,2,1,29.0,2,0,True,False,False,False,False,False,False,True,False,False,3.357621598945279,1.0,0.0
362,0,3,0,45.0,2,0,True,False,False,False,False,False,False,False,False,True,2.737880811060884,0.0,1.0
363,0,3,1,35.0,1,1,False,False,True,False,False,False,False,False,True,False,2.085672091430472,0.0,0.0
365,0,3,1,30.0,1,1,False,False,True,False,False,False,False,True,False,False,2.1102132003465894,0.0,0.0
366,1,1,0,57.0,2,0,True,False,False,False,False,False,True,False,False,False,4.306742249663978,1.0,0.0
367,1,3,0,29.869351032448375,1,1,True,False,False,False,False,False,False,True,False,False,2.1076888046179385,0.0,0.0
369,1,1,0,24.0,1,1,True,False,False,False,True,False,False,False,False,False,4.252771798816619,0.0,0.0
370,1,1,1,25.0,2,0,True,False,False,False,False,False,False,True,False,False,4.0332082470129285,1.0,0.0
371,0,3,1,18.0,2,0,False,False,True,False,False,False,False,True,False,False,2.0143428636837015,1.0,0.0
372,0,3,1,19.0,1,1,False,False,True,False,False,False,False,True,False,False,2.2027647577118348,0.0,0.0
373,0,1,1,22.0,1,1,True,False,False,False,False,True,False,False,False,False,4.306742249663978,0.0,0.0
374,0,3,0,3.0,5,0,False,False,True,False,False,False,False,False,True,False,3.0944457464900235,1.5811388300841898,1.0
375,1,1,0,29.869351032448375,2,0,True,False,False,True,False,False,False,False,False,False,4.306742249663978,1.0,0.0
376,1,3,0,22.0,1,1,False,False,True,False,False,False,False,False,True,False,2.1102132003465894,0.0,0.0
377,0,1,1,27.0,3,0,True,False,False,False,False,True,False,False,False,False,4.306742249663978,0.0,1.4142135623730951
378,0,3,1,20.0,1,1,True,False,False,False,False,False,False,True,False,False,1.6119347926326877,0.0,0.0
379,0,3,1,19.0,1,1,False,False,True,False,False,False,False,False,True,False,2.1719067693519296,0.0,0.0
380,1,1,0,42.0,1,1,True,False,False,False,True,False,False,False,False,False,4.306742249663978,0.0,0.0
381,1,3,0,1.0,3,0,True,False,False,False,False,False,False,True,False,False,2.817902613071225,0.0,1.4142135623730951
382,0,3,1,32.0,1,1,False,False,True,False,False,False,False,True,False,False,2.188856327665703,0.0,0.0
383,1,1,0,35.0,2,0,False,False,True,False,True,False,False,False,False,False,3.970291913552122,1.0,0.0
385,0,2,1,18.0,1,1,False,False,True,False,False,False,True,False,False,False,4.306742249663978,0.0,0.0
386,0,3,1,1.0,8,0,False,False,True,False,False,False,False,True,False,False,3.8691155044168695,1.5811388300841898,1.4142135623730951
387,1,2,0,36.0,1,1,False,False,True,False,False,False,True,False,False,False,2.6390573296152584,0.0,0.0
388,0,3,1,29.869351032448375,1,1,False,True,False,False,False,False,False,True,False,False,2.1666737276227077,0.0,0.0
389,1,2,0,17.0,1,1,True,False,False,False,False,False,True,False,False,False,2.5649493574615367,0.0,0.0
390,1,1,1,36.0,4,0,False,False,True,False,True,False,False,False,False,False,4.306742249663978,1.0,1.4142135623730951
391,1,3,1,21.0,1,1,False,False,True,False,False,False,False,True,False,False,2.174274334826008,0.0,0.0
392,0,3,1,28.0,3,0,False,False,True,False,False,False,False,False,True,False,2.188856327665703,1.4142135623730951,0.0
393,1,1,0,23.0,2,0,True,False,False,False,False,False,True,False,False,False,4.306742249663978,1.0,0.0
394,1,3,0,24.0,3,0,False,False,True,False,False,False,False,False,False,True,2.8735646395797834,0.0,1.4142135623730951
395,0,3,1,22.0,1,1,False,False,True,False,False,False,False,False,True,False,2.174274334826008,0.0,0.0
396,0,3,0,31.0,1,1,False,False,True,False,False,False,False,False,True,False,2.180891922715322,0.0,0.0
397,0,2,1,46.0,1,1,False,False,True,False,False,False,True,False,False,False,3.295836866004329,0.0,0.0
398,0,2,1,23.0,1,1,False,False,True,False,False,False,False,True,False,False,2.4423470353692043,0.0,0.0
399,1,2,0,28.0,1,1,False,False,True,False,False,False,True,False,False,False,2.613739521630969,0.0,0.0
400,1,3,1,39.0,1,1,False,False,True,False,False,False,False,True,False,False,2.188856327665703,0.0,0.0
401,0,3,1,26.0,1,1,False,False,True,False,False,False,False,False,True,False,2.2027647577118348,0.0,0.0
402,0,3,0,21.0,2,0,False,False,True,False,False,False,False,True,False,False,2.3818582738885534,1.0,0.0
403,0,3,1,28.0,2,0,False,False,True,False,False,False,False,False,True,False,2.8243506567983707,1.0,0.0
404,0,3,0,20.0,1,1,False,False,True,False,False,False,False,False,True,False,2.2682524139135403,0.0,0.0
405,0,2,1,34.0,2,0,False,False,True,False,False,False,False,True,False,False,3.091042453358316,1.0,0.0
406,0,3,1,51.0,1,1,False,False,True,False,False,False,False,False,True,False,2.169053700369523,0.0,0.0
407,1,2,1,3.0,3,0,False,False,True,False,False,False,False,True,False,False,2.9831534913471307,1.0,1.0
408,0,3,1,21.0,1,1,False,False,True,False,False,False,False,False,False,True,2.1719067693519296,0.0,0.0
411,0,3,1,29.869351032448375,1,1,False,True,False,False,False,False,False,False,False,True,2.061570298060867,0.0,0.0
412,1,1,0,33.0,2,0,False,True,False,False,False,True,False,False,False,False,4.306742249663978,1.0,0.0
414,1,3,1,44.0,1,1,False,False,True,False,False,False,False,False,False,True,2.188856327665703,0.0,0.0
415,0,3,0,29.869351032448375,1,1,False,False,True,False,False,False,False,False,False,True,2.2027647577118348,0.0,0.0
416,1,2,0,34.0,3,0,False,False,True,False,False,False,False,True,False,False,3.5115454388310208,1.0,1.0
417,1,2,0,18.0,3,0,False,False,True,False,False,False,True,False,False,False,2.6390573296152584,0.0,1.4142135623730951
419,0,3,0,10.0,3,0,False,False,True,False,False,False,False,True,False,False,3.224857896545748,0.0,1.4142135623730951
421,0,3,1,21.0,1,1,False,True,False,False,False,False,False,False,True,False,2.167143305297764,0.0,0.0
422,0,3,1,29.0,1,1,False,False,True,False,False,False,False,True,False,False,2.1832383353614797,0.0,0.0
423,0,3,0,28.0,3,0,False,False,True,False,False,False,False,True,False,False,2.7343675094195836,1.0,1.0
424,0,3,1,18.0,3,0,False,False,True,False,False,False,False,False,False,True,3.0545906305603445,1.0,1.0
426,1,2,0,28.0,2,0,False,False,True,False,False,False,True,False,False,False,3.295836866004329,1.0,0.0
427,1,2,0,19.0,1,1,False,False,True,False,False,False,False,True,False,False,3.295836866004329,0.0,0.0
429,1,3,1,32.0,1,1,False,False,True,False,False,False,False,True,False,False,2.2027647577118348,0.0,0.0
430,1,1,1,28.0,1,1,False,False,True,False,False,True,False,False,False,False,3.3160025355989236,0.0,0.0
432,1,2,0,42.0,2,0,False,False,True,False,False,False,True,False,False,False,3.295836866004329,1.0,0.0
433,0,3,1,17.0,1,1,False,False,True,False,False,False,False,True,False,False,2.094945728215801,0.0,0.0
434,0,1,1,50.0,2,0,False,False,True,False,False,False,False,True,False,False,4.041295341132285,1.0,0.0
435,1,1,0,14.0,4,0,False,False,True,False,True,False,False,False,False,False,4.306742249663978,1.0,1.4142135623730951
436,0,3,0,21.0,5,0,False,False,True,False,False,False,False,False,False,True,3.5660053559634015,1.4142135623730951,1.4142135623730951
437,1,2,0,24.0,6,0,False,False,True,False,False,False,False,True,False,False,2.9831534913471307,1.4142135623730951,1.5811388300841898
438,0,1,1,57.0,6,0,False,False,True,False,False,True,False,False,False,False,4.306742249663978,1.0,1.5811388300841898
439,0,2,1,31.0,1,1,False,False,True,False,False,False,True,False,False,False,2.4423470353692043,0.0,0.0
440,1,2,0,45.0,3,0,False,False,True,False,False,False,True,False,False,False,3.305053521109253,1.0,1.0
441,0,3,1,20.0,1,1,False,False,True,False,False,False,False,False,False,True,2.3513752571634776,0.0,0.0
442,0,3,1,25.0,2,0,False,False,True,False,False,False,False,True,False,False,2.1719067693519296,1.0,0.0
443,1,2,0,28.0,1,1,False,False,True,False,False,False,True,False,False,False,2.6390573296152584,0.0,0.0
444,1,3,1,29.869351032448375,1,1,False,False,True,False,False,False,False,True,False,False,2.2096470973347766,0.0,0.0
445,1,1,1,4.0,3,0,False,False,True,True,False,False,False,False,False,False,4.306742249663978,0.0,1.4142135623730951
446,1,2,0,13.0,2,0,False,False,True,False,False,False,True,False,False,False,3.0204248861443626,0.0,1.0
447,1,1,1,34.0,1,1,False,False,True,False,False,True,False,False,False,False,3.3160025355989236,0.0,0.0
448,1,3,0,5.0,4,0,True,False,False,False,False,False,False,True,False,False,3.0085645861193133,1.4142135623730951,1.0
449,1,1,1,52.0,1,1,False,False,True,False,False,True,False,False,False,False,3.449987545831587,0.0,0.0
450,0,2,1,36.0,4,0,False,False,True,False,False,False,False,True,False,False,3.3586377672433594,1.0,1.4142135623730951
451,0,3,1,29.869351032448375,2,0,False,False,True,False,False,False,False,True,False,False,3.0429354648621407,1.0,0.0
452,0,1,1,30.0,1,1,True,False,False,False,False,True,False,False,False,False,3.3586377672433594,0.0,0.0
453,1,1,1,49.0,2,0,True,False,False,False,False,True,False,False,False,False,4.306742249663978,1.0,0.0
455,1,3,1,29.0,1,1,True,False,False,False,False,False,False,False,False,True,2.1855792552411137,0.0,0.0
456,0,1,1,57.0,1,1,False,False,True,False,False,False,False,True,False,False,3.3160025355989236,0.0,0.0
457,1,1,0,29.869351032448375,2,0,False,False,True,False,False,False,True,False,False,False,3.967694202798607,1.0,0.0
458,1,2,0,50.0,1,1,False,False,True,False,False,False,True,False,False,False,2.4423470353692043,0.0,0.0
460,1,1,1,48.0,1,1,False,False,True,False,False,False,False,True,False,False,3.3160025355989236,0.0,0.0
461,0,3,1,34.0,1,1,False,False,True,False,False,False,False,False,False,True,2.2027647577118348,0.0,0.0
462,0,1,1,47.0,1,1,False,False,True,False,False,False,False,True,False,False,3.676300671907076,0.0,0.0
463,0,2,1,48.0,1,1,False,False,True,False,False,False,True,False,False,False,2.6390573296152584,0.0,0.0
465,0,3,1,38.0,1,1,False,False,True,False,False,False,False,False,False,True,2.085672091430472,0.0,0.0
467,0,1,1,56.0,1,1,False,False,True,True,False,False,False,False,False,False,3.3160025355989236,0.0,0.0
468,0,3,1,29.869351032448375,1,1,False,True,False,False,False,False,False,False,True,False,2.1661924680884908,0.0,0.0
469,1,3,0,1.0,4,0,True,False,False,False,False,False,False,False,False,True,3.0085645861193133,1.4142135623730951,1.0
471,0,3,1,38.0,1,1,False,False,True,False,False,False,False,False,False,True,2.2682524139135403,0.0,0.0
472,1,2,0,33.0,4,0,False,False,True,False,False,False,False,True,False,False,3.3586377672433594,1.0,1.4142135623730951
473,1,2,0,23.0,1,1,True,False,False,False,False,False,True,False,False,False,2.694066212646058,0.0,0.0
474,0,3,0,22.0,1,1,False,False,True,False,False,False,False,False,True,False,2.3830123421066602,0.0,0.0
475,0,1,1,29.869351032448375,1,1,False,False,True,True,False,False,False,False,False,False,3.970291913552122,0.0,0.0
477,0,3,1,29.0,2,0,False,False,True,False,False,False,False,True,False,False,2.0851502161468174,1.0,0.0
478,0,3,1,22.0,1,1,False,False,True,False,False,False,False,False,False,True,2.142510233146819,0.0,0.0
479,1,3,0,2.0,2,0,False,False,True,False,False,False,False,False,False,True,2.586823743668066,0.0,1.0
480,0,3,1,9.0,8,0,False,False,True,False,False,False,False,False,True,False,3.8691155044168695,1.5811388300841898,1.4142135623730951
482,0,3,1,50.0,1,1,False,False,True,False,False,False,False,True,False,False,2.2027647577118348,0.0,0.0
483,1,3,0,57.0,1,1,False,False,True,False,False,False,False,False,True,False,2.3596740599781727,0.0,0.0
484,1,1,1,25.0,2,0,True,False,False,False,True,False,False,False,False,False,4.306742249663978,1.0,0.0
486,1,1,0,35.0,2,0,False,False,True,False,False,True,False,False,False,False,4.306742249663978,1.0,0.0
487,0,1,1,57.0,1,1,True,False,False,False,True,False,False,False,False,False,3.4242626545931514,0.0,0.0
489,1,3,1,9.0,3,0,False,False,True,False,False,False,False,False,True,False,2.827313621929028,1.0,1.0
491,0,3,1,21.0,1,1,False,False,True,False,False,False,False,True,False,False,2.1102132003465894,0.0,0.0
492,0,1,1,55.0,1,1,False,False,True,False,False,True,False,False,False,False,3.449987545831587,0.0,0.0
493,0,1,1,57.0,1,1,True,False,False,False,False,True,False,False,False,False,3.922056501139853,0.0,0.0
495,0,3,1,29.869351032448375,1,1,True,False,False,False,False,False,False,False,False,True,2.738146075922933,0.0,0.0
496,1,1,0,54.0,2,0,True,False,False,False,False,False,True,False,False,False,4.306742249663978,1.0,0.0
497,0,3,1,29.869351032448375,1,1,False,False,True,False,False,False,False,False,True,False,2.7788192719904172,0.0,0.0
498,0,1,0,25.0,4,0,False,False,True,False,False,True,False,False,False,False,4.306742249663978,1.0,1.4142135623730951
499,0,3,1,24.0,1,1,False,False,True,False,False,False,False,False,True,False,2.174274334826008,0.0,0.0
501,0,3,0,21.0,1,1,False,True,False,False,False,False,False,False,True,False,2.169053700369523,0.0,0.0
502,0,3,0,29.869351032448375,1,1,False,True,False,False,False,False,False,True,False,False,2.155151800914312,0.0,0.0
503,0,3,0,37.0,1,1,False,False,True,False,False,False,False,True,False,False,2.3596740599781727,0.0,0.0
504,1,1,0,16.0,1,1,False,False,True,False,True,False,False,False,False,False,4.306742249663978,0.0,0.0
505,0,1,1,18.0,2,0,True,False,False,False,False,True,False,False,False,False,4.306742249663978,1.0,0.0
506,1,2,0,33.0,3,0,False,False,True,False,False,False,False,True,False,False,3.295836866004329,0.0,1.4142135623730951
507,1,1,1,29.869351032448375,1,1,False,False,True,False,False,True,False,False,False,False,3.3160025355989236,0.0,0.0
508,0,3,1,28.0,1,1,False,False,True,False,False,False,False,False,False,True,3.1580636854714434,0.0,0.0
509,1,3,1,26.0,1,1,False,False,True,False,False,False,False,True,False,False,4.05171190165724,0.0,0.0
510,1,3,1,29.0,1,1,False,True,False,False,False,False,False,True,False,False,2.169053700369523,0.0,0.0
512,1,1,1,36.0,1,1,False,False,True,False,False,False,False,True,False,False,3.3064287218760624,0.0,0.0
513,1,1,0,54.0,2,0,True,False,False,False,False,True,False,False,False,False,4.100989104940769,1.0,0.0
514,0,3,1,24.0,1,1,False,False,True,False,False,False,False,True,False,False,2.139571923732859,0.0,0.0
515,0,1,1,47.0,1,1,False,False,True,False,False,False,True,False,False,False,3.5559421706858756,0.0,0.0
516,1,2,0,34.0,1,1,False,False,True,False,False,False,False,False,True,False,2.4423470353692043,0.0,0.0
517,0,3,1,29.869351032448375,1,1,False,True,False,False,False,False,False,False,False,True,3.224857896545748,0.0,0.0
518,1,2,0,36.0,2,0,False,False,True,False,False,False,False,True,False,False,3.295836866004329,1.0,0.0
519,0,3,1,32.0,1,1,False,False,True,False,False,False,False,True,False,False,2.1855792552411137,0.0,0.0
520,1,1,0,30.0,1,1,False,False,True,False,True,False,False,False,False,False,4.306742249663978,0.0,0.0
523,1,1,0,44.0,2,0,True,False,False,False,True,False,False,False,False,False,4.077184839375167,0.0,1.0
524,0,3,1,29.869351032448375,1,1,True,False,False,False,False,False,False,False,True,False,2.1076888046179385,0.0,0.0
525,0,3,1,40.5,1,1,False,True,False,False,False,False,False,True,False,False,2.169053700369523,0.0,0.0
527,0,1,1,29.869351032448375,1,1,False,False,True,False,False,True,False,False,False,False,4.306742249663978,0.0,0.0
528,0,3,1,39.0,1,1,False,False,True,False,False,False,False,True,False,False,2.188856327665703,0.0,0.0
529,0,2,1,23.0,4,0,False,False,True,False,False,False,False,True,False,False,2.5257286443082556,1.4142135623730951,1.0
530,1,2,0,2.0,3,0,False,False,True,False,False,False,False,True,False,False,3.295836866004329,1.0,1.0
532,0,3,1,17.0,3,0,True,False,False,False,False,False,False,True,False,False,2.1076888046179385,1.0,1.0
533,1,3,0,29.869351032448375,3,0,True,False,False,False,False,False,False,False,True,False,3.1509523813392697,0.0,1.4142135623730951
534,0,3,0,30.0,1,1,False,False,True,False,False,False,False,False,False,True,2.2682524139135403,0.0,0.0
535,1,2,0,7.0,3,0,False,False,True,False,False,False,False,True,False,False,3.305053521109253,0.0,1.4142135623730951
536,0,1,1,45.0,1,1,False,False,True,False,True,False,False,False,False,False,3.3160025355989236,0.0,0.0
537,1,1,0,30.0,1,1,True,False,False,False,False,True,False,False,False,False,4.306742249663978,0.0,0.0
538,0,3,1,29.869351032448375,1,1,False,False,True,False,False,False,False,False,False,True,2.740840023925201,0.0,0.0
539,1,1,0,22.0,3,0,True,False,False,False,True,False,False,False,False,False,3.9219733362813143,0.0,1.4142135623730951
540,1,1,0,36.0,3,0,False,False,True,False,True,False,False,False,False,False,4.276666119016055,0.0,1.4142135623730951
541,0,3,0,9.0,7,0,False,False,True,False,False,False,False,False,False,True,3.4742929367327062,1.5811388300841898,1.4142135623730951
542,0,3,0,11.0,7,0,False,False,True,False,False,False,False,True,False,False,3.4742929367327062,1.5811388300841898,1.4142135623730951
543,1,2,1,32.0,2,0,False,False,True,False,False,False,False,True,False,False,3.295836866004329,1.0,0.0
544,0,1,1,50.0,2,0,True,False,False,False,False,True,False,False,False,False,4.306742249663978,1.0,0.0
545,0,1,1,57.0,1,1,False,False,True,False,False,True,False,False,False,False,3.295836866004329,0.0,0.0
546,1,2,0,19.0,2,0,False,False,True,False,False,False,True,False,False,False,3.295836866004329,1.0,0.0
547,1,2,1,29.869351032448375,1,1,True,False,False,False,False,False,True,False,False,False,2.6988412620169004,0.0,0.0
548,0,3,1,33.0,3,0,False,False,True,False,False,False,False,False,True,False,3.0692150503137943,1.0,1.0
549,1,2,1,8.0,3,0,False,False,True,False,False,False,True,False,False,False,3.6309854756950335,1.0,1.0
550,1,1,1,17.0,3,0,True,False,False,False,False,True,False,False,False,False,4.306742249663978,0.0,1.4142135623730951
551,0,2,1,27.0,1,1,False,False,True,False,False,False,True,False,False,False,3.295836866004329,0.0,0.0
552,0,3,1,29.869351032448375,1,1,False,True,False,False,False,False,False,False,False,True,2.17806441028492,0.0,0.0
553,1,3,1,22.0,1,1,True,False,False,False,False,False,False,False,False,True,2.1071782966514356,0.0,0.0
554,1,3,0,22.0,1,1,False,False,True,False,False,False,False,True,False,False,2.1719067693519296,0.0,0.0
555,0,1,1,57.0,1,1,False,False,True,False,True,False,False,False,False,False,3.3160025355989236,0.0,0.0
556,1,1,0,48.0,2,0,True,False,False,True,False,False,False,False,False,False,3.703768066607687,1.0,0.0
557,0,1,1,29.869351032448375,1,1,True,False,False,False,True,False,False,False,False,False,4.306742249663978,0.0,0.0
558,1,1,0,39.0,3,0,False,False,True,False,False,False,False,True,False,False,4.306742249663978,1.0,1.0
559,1,3,0,36.0,2,0,False,False,True,False,False,False,False,False,False,True,2.91235066461494,1.0,0.0
561,0,3,1,40.0,1,1,False,False,True,False,False,False,False,True,False,False,2.1855792552411137,0.0,0.0
562,0,2,1,28.0,1,1,False,False,True,False,False,False,False,True,False,False,2.6741486494265287,0.0,0.0
565,0,3,1,24.0,3,0,False,False,True,False,False,False,False,True,False,False,3.224857896545748,1.4142135623730951,0.0
566,0,3,1,19.0,1,1,False,False,True,False,False,False,False,False,False,True,2.1855792552411137,0.0,0.0
567,0,3,0,29.0,5,0,False,False,True,False,False,False,False,False,False,True,3.0944457464900235,0.0,1.5811388300841898
569,1,3,1,32.0,1,1,False,False,True,False,False,False,False,False,True,False,2.180891922715322,0.0,0.0
570,1,2,1,57.0,1,1,False,False,True,False,False,False,False,True,False,False,2.4423470353692043,0.0,0.0
571,1,1,0,53.0,3,0,False,False,True,False,False,True,False,False,False,False,3.960416900617205,1.4142135623730951,0.0
572,1,1,1,36.0,1,1,False,False,True,False,False,False,False,True,False,False,3.3100867049215847,0.0,0.0
574,0,3,1,16.0,1,1,False,False,True,False,False,False,False,False,True,False,2.2027647577118348,0.0,0.0
575,0,3,1,19.0,1,1,False,False,True,False,False,False,False,True,False,False,2.740840023925201,0.0,0.0
576,1,2,0,34.0,1,1,False,False,True,False,False,False,True,False,False,False,2.6390573296152584,0.0,0.0
577,1,1,0,39.0,2,0,False,False,True,False,False,False,False,True,False,False,4.041295341132285,1.0,0.0
578,0,3,0,29.869351032448375,2,0,True,False,False,False,False,False,False,False,False,True,2.738146075922933,1.0,0.0
579,1,3,1,32.0,1,1,False,False,True,False,False,False,False,False,True,False,2.188856327665703,0.0,0.0
580,1,2,0,25.0,3,0,False,False,True,False,False,False,False,True,False,False,3.4339872044851463,1.0,1.0
581,1,1,0,39.0,3,0,True,False,False,False,False,True,False,False,False,False,4.306742249663978,1.0,1.0
582,0,2,1,54.0,1,1,False,False,True,False,False,False,True,False,False,False,3.295836866004329,0.0,0.0
583,0,1,1,36.0,1,1,True,False,False,True,False,False,False,False,False,False,3.716616209085536,0.0,0.0
584,0,3,1,29.869351032448375,1,1,True,False,False,False,False,False,False,True,False,False,2.2734137156937657,0.0,0.0
585,1,1,0,18.0,3,0,False,False,True,False,False,False,False,True,False,False,4.306742249663978,0.0,1.4142135623730951
586,0,2,1,47.0,1,1,False,False,True,False,False,False,False,True,False,False,2.772588722239781,0.0,0.0
587,1,1,1,57.0,3,0,True,False,False,False,True,False,False,False,False,False,4.306742249663978,1.0,1.0
590,0,3,1,35.0,1,1,False,False,True,False,False,False,False,True,False,False,2.094945728215801,0.0,0.0
591,1,1,0,52.0,2,0,True,False,False,False,False,False,True,False,False,False,4.306742249663978,1.0,0.0
592,0,3,1,47.0,1,1,False,False,True,False,False,False,False,False,False,True,2.1102132003465894,0.0,0.0
593,0,3,0,29.869351032448375,3,0,False,True,False,False,False,False,False,False,True,False,2.169053700369523,0.0,1.4142135623730951
594,0,2,1,37.0,2,0,False,False,True,False,False,False,True,False,False,False,3.295836866004329,1.0,0.0
595,0,3,1,36.0,3,0,False,False,True,False,False,False,False,False,False,True,3.224857896545748,1.0,1.0
596,1,2,0,29.869351032448375,1,1,False,False,True,False,False,False,False,True,False,False,3.5263605246161616,0.0,0.0
597,0,3,1,49.0,1,1,False,False,True,False,False,False,False,False,False,True,0.0,0.0,0.0
599,1,1,1,49.0,2,0,True,False,False,True,False,False,False,False,False,False,4.0592215752427645,1.0,0.0
600,1,2,0,24.0,4,0,False,False,True,False,False,False,False,True,False,False,3.332204510175204,1.4142135623730951,1.0
602,0,1,1,29.869351032448375,1,1,False,False,True,False,False,True,False,False,False,False,3.770459441106359,0.0,0.0
603,0,3,1,44.0,1,1,False,False,True,False,False,False,False,True,False,False,2.2027647577118348,0.0,0.0
604,1,1,1,35.0,1,1,True,False,False,True,False,False,False,False,False,False,3.3160025355989236,0.0,0.0
605,0,3,1,36.0,2,0,False,False,True,False,False,False,False,True,False,False,2.806386101823072,1.0,0.0
606,0,3,1,30.0,1,1,False,False,True,False,False,False,False,False,False,True,2.1855792552411137,0.0,0.0
607,1,1,1,27.0,1,1,False,False,True,True,False,False,False,False,False,False,3.449987545831587,0.0,0.0
608,1,2,0,22.0,4,0,True,False,False,False,False,False,True,False,False,False,3.7513658711253766,1.0,1.4142135623730951
609,1,1,0,40.0,1,1,False,False,True,False,False,True,False,False,False,False,4.306742249663978,0.0,0.0
610,0,3,0,39.0,7,0,False,False,True,False,False,False,False,False,True,False,3.4742929367327062,1.0,1.5811388300841898
611,0,3,1,29.869351032448375,1,1,False,False,True,False,False,False,False,False,False,True,2.085672091430472,0.0,0.0
615,1,2,0,24.0,4,0,False,False,True,False,False,False,True,False,False,False,4.189654742026425,1.0,1.4142135623730951
616,0,3,1,34.0,3,0,False,False,True,False,False,False,False,False,True,False,2.7343675094195836,1.0,1.0
617,0,3,0,26.0,2,0,False,False,True,False,False,False,False,True,False,False,2.8390784635086144,1.0,0.0
618,1,2,0,4.0,4,0,False,False,True,False,False,False,False,False,True,False,3.6888794541139363,1.4142135623730951,1.0
619,0,2,1,26.0,1,1,False,False,True,False,False,False,True,False,False,False,2.4423470353692043,0.0,0.0
620,0,3,1,27.0,2,0,True,False,False,False,False,False,False,False,True,False,2.737880811060884,1.0,0.0
621,1,1,1,42.0,2,0,False,False,True,False,False,False,True,False,False,False,3.9806942251907276,1.0,0.0
622,1,3,1,20.0,3,0,True,False,False,False,False,False,False,False,True,False,2.817902613071225,1.0,1.0
623,0,3,1,21.0,1,1,False,False,True,False,False,False,False,True,False,False,2.180891922715322,0.0,0.0
624,0,3,1,21.0,1,1,False,False,True,False,False,False,False,False,True,False,2.8390784635086144,0.0,0.0
625,0,1,1,57.0,1,1,False,False,True,False,False,False,True,False,False,False,3.5061818266142577,0.0,0.0
626,0,2,1,57.0,1,1,False,True,False,False,False,False,True,False,False,False,2.5915163848462583,0.0,0.0
627,1,1,0,21.0,1,1,False,False,True,False,False,False,True,False,False,False,4.306742249663978,0.0,0.0
628,0,3,1,26.0,1,1,False,False,True,False,False,False,False,False,False,True,2.1855792552411137,0.0,0.0
629,0,3,1,29.869351032448375,1,1,False,True,False,False,False,False,False,True,False,False,2.167143305297764,0.0,0.0
630,1,1,1,57.0,1,1,False,False,True,True,False,False,False,False,False,False,3.4339872044851463,0.0,0.0
631,0,3,1,51.0,1,1,False,False,True,False,False,False,False,False,False,True,2.086193694502369,0.0,0.0
632,1,1,1,32.0,1,1,True,False,False,False,True,False,False,False,False,False,3.449987545831587,0.0,0.0
633,0,1,1,29.869351032448375,1,1,False,False,True,True,False,False,False,False,False,False,0.0,0.0,0.0
634,0,3,0,9.0,6,0,False,False,True,False,False,False,False,False,True,False,3.3638415951183864,1.5811388300841898,1.4142135623730951
637,0,2,1,31.0,3,0,False,False,True,False,False,False,False,True,False,False,3.305053521109253,1.0,1.0
638,0,3,0,41.0,6,0,False,False,True,False,False,False,False,False,False,True,3.705920919968788,0.0,1.5811388300841898
639,0,3,1,29.869351032448375,2,0,False,False,True,False,False,False,False,False,False,True,2.8390784635086144,1.0,0.0
642,0,3,0,2.0,6,0,False,False,True,False,False,False,False,True,False,False,3.3638415951183864,1.5811388300841898,1.4142135623730951
643,1,3,1,29.869351032448375,1,1,False,False,True,False,False,False,False,True,False,False,4.05171190165724,0.0,0.0
645,1,1,1,48.0,2,0,True,False,False,False,False,False,True,False,False,False,4.306742249663978,1.0,0.0
647,1,1,1,56.0,1,1,True,False,False,True,False,False,False,False,False,False,3.597312260588446,0.0,0.0
648,0,3,1,29.869351032448375,1,1,False,False,True,False,False,False,False,True,False,False,2.145931282948669,0.0,0.0
649,1,3,0,23.0,1,1,False,False,True,False,False,False,False,True,False,False,2.145931282948669,0.0,0.0
651,1,2,0,18.0,2,0,False,False,True,False,False,False,False,True,False,False,3.1780538303479458,0.0,1.0
652,0,3,1,21.0,1,1,False,False,True,False,False,False,False,True,False,False,2.2442459824059346,0.0,0.0
653,1,3,0,29.869351032448375,1,1,False,True,False,False,False,False,False,True,False,False,2.17806441028492,0.0,0.0
654,0,3,0,18.0,1,1,False,True,False,False,False,False,False,False,False,True,2.0476928433652555,0.0,0.0
655,0,2,1,24.0,3,0,False,False,True,False,False,False,False,True,False,False,4.306742249663978,1.4142135623730951,0.0
657,0,3,0,32.0,3,0,False,True,False,False,False,False,False,False,True,False,2.803360380906535,1.0,1.0
658,0,2,1,23.0,1,1,False,False,True,False,False,False,True,False,False,False,2.6390573296152584,0.0,0.0
659,0,1,1,57.0,3,0,True,False,False,False,False,False,True,False,False,False,4.306742249663978,0.0,1.4142135623730951
660,1,1,1,50.0,3,0,False,False,True,False,True,False,False,False,False,False,4.306742249663978,1.4142135623730951,0.0
661,0,3,1,40.0,1,1,True,False,False,False,False,False,False,True,False,False,2.1071782966514356,0.0,0.0
662,0,1,1,47.0,1,1,False,False,True,False,False,False,False,True,False,False,3.2804411805263554,0.0,0.0
663,0,3,1,36.0,1,1,False,False,True,False,False,False,False,False,False,True,2.139571923732859,0.0,0.0
664,1,3,1,20.0,2,0,False,False,True,False,False,False,False,True,False,False,2.188856327665703,1.0,0.0
665,0,2,1,32.0,3,0,False,False,True,False,False,False,False,True,False,False,4.306742249663978,1.4142135623730951,0.0
667,0,3,1,29.869351032448375,1,1,False,False,True,False,False,False,False,True,False,False,2.1719067693519296,0.0,0.0
668,0,3,1,43.0,1,1,False,False,True,False,False,False,False,False,True,False,2.2027647577118348,0.0,0.0
669,1,1,0,29.869351032448375,2,0,False,False,True,False,False,True,False,False,False,False,3.970291913552122,1.0,0.0
670,1,2,0,40.0,3,0,False,False,True,False,False,False,True,False,False,False,3.6888794541139363,1.0,1.0
671,0,1,1,31.0,2,0,False,False,True,False,True,False,False,False,False,False,3.970291913552122,1.0,0.0
672,0,2,1,57.0,1,1,False,False,True,False,False,False,True,False,False,False,2.4423470353692043,0.0,0.0
673,1,2,1,31.0,1,1,False,False,True,False,False,False,False,True,False,False,2.6390573296152584,0.0,0.0
675,0,3,1,18.0,1,1,False,False,True,False,False,False,False,False,True,False,2.1719067693519296,0.0,0.0
676,0,3,1,24.5,1,1,False,False,True,False,False,False,False,False,True,False,2.2027647577118348,0.0,0.0
677,1,3,0,18.0,1,1,False,False,True,False,False,False,False,True,False,False,2.3833998102837652,0.0,0.0
678,0,3,0,43.0,8,0,False,False,True,False,False,False,False,True,False,False,3.8691155044168695,1.0,1.5811388300841898
679,1,1,1,36.0,2,0,True,False,False,False,True,False,False,False,False,False,4.306742249663978,0.0,1.0
680,0,3,0,29.869351032448375,1,1,False,True,False,False,False,False,False,True,False,False,2.212386825075897,0.0,0.0
681,1,1,1,27.0,1,1,True,False,False,False,False,False,True,False,False,False,4.306742249663978,0.0,0.0
682,0,3,1,20.0,1,1,False,False,True,False,False,False,False,False,False,True,2.3248357019288655,0.0,0.0
683,0,3,1,14.0,8,0,False,False,True,False,False,False,False,True,False,False,3.8691155044168695,1.5811388300841898,1.4142135623730951
684,0,2,1,57.0,3,0,False,False,True,False,False,False,False,True,False,False,3.6888794541139363,1.0,1.0
685,0,2,1,25.0,4,0,True,False,False,False,False,False,False,True,False,False,3.7513658711253766,1.0,1.4142135623730951
686,0,3,1,14.0,6,0,False,False,True,False,False,False,False,False,True,False,3.705920919968788,1.5811388300841898,1.0
687,0,3,1,19.0,1,1,False,False,True,False,False,False,False,True,False,False,2.4133032309283076,0.0,0.0
688,0,3,1,18.0,1,1,False,False,True,False,False,False,False,False,True,False,2.174274334826008,0.0,0.0
689,1,1,0,15.0,2,0,False,False,True,False,True,False,False,False,False,False,4.306742249663978,0.0,1.0
690,1,1,1,31.0,2,0,False,False,True,False,True,False,False,False,False,False,4.060443010546419,1.0,0.0
691,1,3,0,4.0,2,0,True,False,False,False,False,False,False,False,True,False,2.668387256845834,0.0,1.0
693,0,3,1,25.0,1,1,True,False,False,False,False,False,False,False,False,True,2.1071782966514356,0.0,0.0
694,0,1,1,57.0,1,1,False,False,True,False,False,True,False,False,False,False,3.3160025355989236,0.0,0.0
695,0,2,1,52.0,1,1,False,False,True,False,False,False,False,True,False,False,2.6741486494265287,0.0,0.0
697,1,3,0,29.869351032448375,1,1,False,True,False,False,False,False,False,False,False,True,2.167143305297764,0.0,0.0
698,0,1,1,49.0,3,0,True,False,False,False,False,True,False,False,False,False,4.306742249663978,1.0,1.0
699,0,3,1,42.0,1,1,False,False,True,False,False,False,False,False,True,False,2.157559320943788,0.0,0.0
700,1,1,0,18.0,2,0,True,False,False,False,False,True,False,False,False,False,4.306742249663978,1.0,0.0
701,1,1,1,35.0,1,1,False,False,True,False,False,False,False,True,False,False,3.3064287218760624,0.0,0.0
702,0,3,0,18.0,2,0,True,False,False,False,False,False,False,False,False,True,2.737880811060884,0.0,1.0
703,0,3,1,25.0,1,1,False,True,False,False,False,False,False,False,True,False,2.1681046787623672,0.0,0.0
704,0,3,1,26.0,2,0,False,False,True,False,False,False,False,True,False,False,2.180891922715322,1.0,0.0
705,0,2,1,39.0,1,1,False,False,True,False,False,False,True,False,False,False,3.295836866004329,0.0,0.0
706,1,2,0,45.0,1,1,False,False,True,False,False,False,False,True,False,False,2.6741486494265287,0.0,0.0
707,1,1,1,42.0,1,1,False,False,True,False,False,False,False,True,False,False,3.3064287218760624,0.0,0.0
708,1,1,0,22.0,1,1,False,False,True,True,False,False,False,False,False,False,4.306742249663978,0.0,0.0
710,1,1,0,24.0,1,1,True,False,False,False,False,True,False,False,False,False,3.922056501139853,0.0,0.0
711,0,1,1,29.869351032448375,1,1,False,False,True,False,False,True,False,False,False,False,3.3160025355989236,0.0,0.0
712,1,1,1,48.0,2,0,False,False,True,False,False,True,False,False,False,False,3.970291913552122,1.0,0.0
713,0,3,1,29.0,1,1,False,False,True,False,False,False,False,False,False,True,2.3497835148230464,0.0,0.0
714,0,2,1,52.0,1,1,False,False,True,False,False,False,False,True,False,False,2.6390573296152584,0.0,0.0
715,0,3,1,19.0,1,1,False,False,True,False,False,False,False,False,True,False,2.157559320943788,0.0,0.0
716,1,1,0,38.0,1,1,True,False,False,False,False,True,False,False,False,False,4.306742249663978,0.0,0.0
717,1,2,0,27.0,1,1,False,False,True,False,False,False,False,True,False,False,2.4423470353692043,0.0,0.0
718,0,3,1,29.869351032448375,1,1,False,True,False,False,False,False,False,True,False,False,2.803360380906535,0.0,0.0
719,0,3,1,33.0,1,1,False,False,True,False,False,False,False,True,False,False,2.1719067693519296,0.0,0.0
720,1,2,0,6.0,2,0,False,False,True,False,False,False,False,True,False,False,3.5263605246161616,0.0,1.0
721,0,3,1,17.0,2,0,False,False,True,False,False,False,False,False,True,False,2.086193694502369,1.0,0.0
722,0,2,1,34.0,1,1,False,False,True,False,False,False,False,True,False,False,2.6390573296152584,0.0,0.0
723,0,2,1,50.0,1,1,False,False,True,False,False,False,False,True,False,False,2.6390573296152584,0.0,0.0
724,1,1,1,27.0,2,0,False,False,True,False,False,False,False,True,False,False,3.9908341858524357,1.0,0.0
725,0,3,1,20.0,1,1,False,False,True,False,False,False,False,False,False,True,2.2682524139135403,0.0,0.0
726,1,2,0,30.0,4,0,False,False,True,False,False,False,True,False,False,False,3.091042453358316,1.5811388300841898,0.0
727,1,3,0,29.869351032448375,1,1,False,True,False,False,False,False,False,False,True,False,2.1676241075599285,0.0,0.0
728,0,2,1,25.0,2,0,False,False,True,False,False,False,True,False,False,False,3.295836866004329,1.0,0.0
729,0,3,0,25.0,2,0,False,False,True,False,False,False,False,False,True,False,2.188856327665703,1.0,0.0
730,1,1,0,29.0,1,1,False,False,True,False,True,False,False,False,False,False,4.306742249663978,0.0,0.0
731,0,3,1,11.0,1,1,True,False,False,False,False,False,False,True,False,False,2.9850504252071306,0.0,0.0
735,0,3,1,28.5,1,1,False,False,True,False,False,False,False,False,False,True,2.8390784635086144,0.0,0.0
736,0,3,0,48.0,5,0,False,False,True,False,False,False,False,False,True,False,3.5660053559634015,1.0,1.5811388300841898
737,1,1,1,35.0,1,1,True,False,False,False,True,False,False,False,False,False,4.306742249663978,0.0,0.0
740,1,1,1,29.869351032448375,1,1,False,False,True,False,False,False,True,False,False,False,3.4339872044851463,0.0,0.0
741,0,1,1,36.0,2,0,False,False,True,False,False,True,False,False,False,False,4.306742249663978,1.0,0.0
742,1,1,0,21.0,5,0,True,False,False,False,True,False,False,False,False,False,4.306742249663978,1.4142135623730951,1.4142135623730951
743,0,3,1,24.0,2,0,False,False,True,False,False,False,False,True,False,False,2.8390784635086144,1.0,0.0
744,1,3,1,31.0,1,1,False,False,True,False,False,False,False,False,False,True,2.188856327665703,0.0,0.0
745,0,1,1,57.0,3,0,False,False,True,False,True,False,False,False,False,False,4.276666119016055,1.0,1.0
746,0,3,1,16.0,3,0,False,False,True,False,False,False,False,False,False,True,3.056356895370426,1.0,1.0
747,1,2,0,30.0,1,1,False,False,True,False,False,False,True,False,False,False,2.6390573296152584,0.0,0.0
748,0,1,1,19.0,2,0,False,False,True,False,False,False,True,False,False,False,3.9908341858524357,1.0,0.0
749,0,3,1,31.0,1,1,False,True,False,False,False,False,False,False,True,False,2.169053700369523,0.0,0.0
750,1,2,0,4.0,3,0,False,False,True,False,False,False,False,True,False,False,3.1780538303479458,1.0,1.0
751,1,3,1,6.0,2,0,False,False,True,False,False,False,False,True,False,False,2.600836116795061,0.0,1.0
752,0,3,1,33.0,1,1,False,False,True,False,False,False,False,True,False,False,2.3513752571634776,0.0,0.0
753,0,3,1,23.0,1,1,False,False,True,False,False,False,False,False,False,True,2.1855792552411137,0.0,0.0
754,1,2,0,48.0,4,0,False,False,True,False,False,False,False,True,False,False,4.189654742026425,1.0,1.4142135623730951
755,1,2,1,1.0,3,0,False,False,True,False,False,False,False,True,False,False,2.740840023925201,1.0,1.0
756,0,3,1,28.0,1,1,False,False,True,False,False,False,False,False,False,True,2.174274334826008,0.0,0.0
759,1,1,0,33.0,1,1,False,False,True,False,True,False,False,False,False,False,4.306742249663978,0.0,0.0
761,0,3,1,41.0,1,1,False,False,True,False,False,False,False,True,False,False,2.094945728215801,0.0,0.0
762,1,3,1,20.0,1,1,True,False,False,False,False,False,False,False,False,True,2.1076888046179385,0.0,0.0
763,1,1,0,36.0,4,0,False,False,True,False,True,False,False,False,False,False,4.306742249663978,1.0,1.4142135623730951
764,0,3,1,16.0,1,1,False,False,True,False,False,False,False,False,True,False,2.1719067693519296,0.0,0.0
765,1,1,0,51.0,2,0,False,False,True,False,False,False,True,False,False,False,4.306742249663978,1.0,0.0
766,0,1,1,29.869351032448375,1,1,True,False,False,False,False,True,False,False,False,False,3.703768066607687,0.0,0.0
767,0,3,0,30.5,1,1,False,True,False,False,False,False,False,False,True,False,2.169053700369523,0.0,0.0
768,0,3,1,29.869351032448375,2,0,False,True,False,False,False,False,False,False,False,True,3.224857896545748,1.0,0.0
769,0,3,1,32.0,1,1,False,False,True,False,False,False,False,False,True,False,2.236712348843338,0.0,0.0
770,0,3,1,24.0,1,1,False,False,True,False,False,False,False,False,True,False,2.3513752571634776,0.0,0.0
771,0,3,1,48.0,1,1,False,False,True,False,False,False,False,False,True,False,2.180891922715322,0.0,0.0
772,0,2,0,57.0,1,1,False,False,True,False,False,False,False,True,False,False,2.4423470353692043,0.0,0.0
774,1,2,0,54.0,5,0,False,False,True,False,False,False,False,True,False,False,3.1780538303479458,1.0,1.5811388300841898
775,0,3,1,18.0,1,1,False,False,True,False,False,False,False,False,False,True,2.169053700369523,0.0,0.0
776,0,3,1,29.869351032448375,1,1,False,True,False,False,False,False,False,False,True,False,2.169053700369523,0.0,0.0
777,1,3,0,5.0,1,1,False,False,True,False,False,False,False,True,False,False,2.600836116795061,0.0,0.0
778,0,3,1,29.869351032448375,1,1,False,True,False,False,False,False,False,True,False,False,2.1676241075599285,0.0,0.0
779,1,1,0,43.0,2,0,False,False,True,False,True,False,False,False,False,False,4.306742249663978,0.0,1.0
780,1,3,0,13.0,1,1,True,False,False,False,False,False,False,False,True,False,2.1076888046179385,0.0,0.0
781,1,1,0,17.0,2,0,False,False,True,False,True,False,False,False,False,False,4.060443010546419,1.0,0.0
782,0,1,1,29.0,1,1,False,False,True,False,False,False,True,False,False,False,3.4339872044851463,0.0,0.0
783,0,3,1,29.869351032448375,4,0,False,False,True,False,False,False,False,False,False,True,3.196630215920881,1.0,1.4142135623730951
784,0,3,1,25.0,1,1,False,False,True,False,False,False,False,False,True,False,2.085672091430472,0.0,0.0
785,0,3,1,25.0,1,1,False,False,True,False,False,False,False,False,False,True,2.1102132003465894,0.0,0.0
786,1,3,0,18.0,1,1,False,False,True,False,False,False,False,False,False,True,2.139571923732859,0.0,0.0
787,0,3,1,8.0,6,0,False,True,False,False,False,False,False,True,False,False,3.405355391810819,1.5811388300841898,1.0
788,1,3,1,1.0,4,0,False,False,True,False,False,False,False,False,False,True,3.0715352369694915,1.0,1.4142135623730951
789,0,1,1,46.0,1,1,True,False,False,False,True,False,False,False,False,False,4.306742249663978,0.0,0.0
791,0,2,1,16.0,1,1,False,False,True,False,False,False,False,True,False,False,3.295836866004329,0.0,0.0
793,0,1,1,29.869351032448375,1,1,True,False,False,False,True,False,False,False,False,False,3.4561841799918147,0.0,0.0
794,0,3,1,25.0,1,1,False,False,True,False,False,False,False,False,False,True,2.1855792552411137,0.0,0.0
795,0,2,1,39.0,1,1,False,False,True,False,False,False,True,False,False,False,2.6390573296152584,0.0,0.0
796,1,1,0,49.0,1,1,False,False,True,False,False,False,True,False,False,False,3.2932111997353943,0.0,0.0
797,1,3,0,31.0,1,1,False,False,True,False,False,False,False,False,True,False,2.270402752283094,0.0,0.0
798,0,3,1,30.0,1,1,True,False,False,False,False,False,False,False,True,False,2.1076888046179385,0.0,0.0
799,0,3,0,30.0,3,0,False,False,True,False,False,False,False,True,False,False,3.224857896545748,1.0,1.0
801,1,2,0,31.0,3,0,False,False,True,False,False,False,False,True,False,False,3.305053521109253,1.0,1.0
802,1,1,1,11.0,4,0,False,False,True,False,True,False,False,False,False,False,4.306742249663978,1.0,1.4142135623730951
803,1,3,1,1.0,2,0,True,False,False,False,False,False,False,False,False,True,2.2530481500547457,0.0,1.0
804,1,3,1,27.0,1,1,False,False,True,False,False,False,False,False,False,True,2.076311648670908,0.0,0.0
805,0,3,1,31.0,1,1,False,False,True,False,False,False,False,False,False,True,2.1719067693519296,0.0,0.0
806,0,1,1,39.0,1,1,False,False,True,True,False,False,False,False,False,False,0.0,0.0,0.0
807,0,3,0,18.0,1,1,False,False,True,False,False,False,False,False,True,False,2.1719067693519296,0.0,0.0
809,1,1,0,33.0,2,0,False,False,True,False,False,False,False,True,False,False,3.9908341858524357,1.0,0.0
810,0,3,1,26.0,1,1,False,False,True,False,False,False,False,False,True,False,2.1846457951293594,0.0,0.0
811,0,3,1,39.0,1,1,False,False,True,False,False,False,False,False,True,False,3.224857896545748,0.0,0.0
812,0,2,1,35.0,1,1,False,False,True,False,False,False,False,True,False,False,2.4423470353692043,0.0,0.0
813,0,3,0,6.0,7,0,False,False,True,False,False,False,False,False,False,True,3.4742929367327062,1.5811388300841898,1.4142135623730951
814,0,3,1,30.5,1,1,False,False,True,False,False,False,False,True,False,False,2.2027647577118348,0.0,0.0
815,0,1,1,29.869351032448375,1,1,False,False,True,False,True,False,False,False,False,False,0.0,0.0,0.0
816,0,3,0,23.0,1,1,False,False,True,False,False,False,False,False,False,True,2.188856327665703,0.0,0.0
817,0,2,1,31.0,3,0,True,False,False,False,False,False,False,True,False,False,3.637696679934592,1.0,1.0
818,0,3,1,43.0,1,1,False,False,True,False,False,False,False,False,False,True,2.0082140323914683,0.0,0.0
819,0,3,1,10.0,6,0,False,False,True,False,False,False,False,True,False,False,3.3638415951183864,1.5811388300841898,1.4142135623730951
820,1,1,0,52.0,3,0,False,False,True,False,True,False,False,False,False,False,4.306742249663978,1.0,1.0
821,1,3,1,27.0,1,1,False,False,True,False,False,False,False,False,False,True,2.2682524139135403,0.0,0.0
822,0,1,1,38.0,1,1,False,False,True,True,False,False,False,False,False,False,0.0,0.0,0.0
823,1,3,0,27.0,2,0,False,False,True,False,False,False,False,True,False,False,2.600836116795061,0.0,1.0
824,0,3,1,2.0,6,0,False,False,True,False,False,False,False,False,True,False,3.705920919968788,1.5811388300841898,1.0
825,0,3,1,29.869351032448375,1,1,False,True,False,False,False,False,False,False,False,True,2.0731719286662407,0.0,0.0
826,0,3,1,29.869351032448375,1,1,False,False,True,False,False,False,False,False,False,True,4.05171190165724,0.0,0.0
827,1,2,1,1.0,3,0,True,False,False,False,False,False,False,True,False,False,3.637696679934592,0.0,1.4142135623730951
828,1,3,1,29.869351032448375,1,1,False,True,False,False,False,False,False,True,False,False,2.169053700369523,0.0,0.0
829,1,1,0,57.0,1,1,False,False,True,False,True,False,False,False,False,False,4.306742249663978,0.0,0.0
830,1,3,0,15.0,2,0,True,False,False,False,False,False,False,True,False,False,2.737880811060884,1.0,0.0
831,1,2,1,1.0,3,0,False,False,True,False,False,False,False,True,False,False,2.9831534913471307,1.0,1.0
833,0,3,1,23.0,1,1,False,False,True,False,False,False,False,True,False,False,2.180891922715322,0.0,0.0
834,0,3,1,18.0,1,1,False,False,True,False,False,False,False,True,False,False,2.2300144001592104,0.0,0.0
835,1,1,0,39.0,3,0,True,False,False,False,False,False,False,True,False,False,4.306742249663978,1.0,1.0
836,0,3,1,21.0,1,1,False,False,True,False,False,False,False,True,False,False,2.2682524139135403,0.0,0.0
839,1,1,1,29.869351032448375,1,1,True,False,False,False,False,True,False,False,False,False,3.4242626545931514,0.0,0.0
840,0,3,1,20.0,1,1,False,False,True,False,False,False,False,True,False,False,2.188856327665703,0.0,0.0
841,0,2,1,16.0,1,1,False,False,True,False,False,False,True,False,False,False,2.4423470353692043,0.0,0.0
842,1,1,0,30.0,1,1,True,False,False,True,False,False,False,False,False,False,3.4657359027997265,0.0,0.0
843,0,3,1,34.5,1,1,True,False,False,False,False,False,False,False,True,False,2.006534770871748,0.0,0.0
845,0,3,1,42.0,1,1,False,False,True,False,False,False,False,False,False,True,2.145931282948669,0.0,0.0
847,0,3,1,35.0,1,1,True,False,False,False,False,False,False,True,False,False,2.1855792552411137,0.0,0.0
848,0,2,1,28.0,2,0,False,False,True,False,False,False,False,True,False,False,3.5263605246161616,0.0,1.0
849,1,1,0,29.869351032448375,2,0,True,False,False,False,False,True,False,False,False,False,4.306742249663978,1.0,0.0
850,0,3,1,4.0,7,0,False,False,True,False,False,False,False,False,True,False,3.4742929367327062,1.5811388300841898,1.4142135623730951
851,0,3,1,57.0,1,1,False,False,True,False,False,False,False,False,False,True,2.1719067693519296,0.0,0.0
852,0,3,0,9.0,3,0,True,False,False,False,False,False,False,False,False,True,2.7878344138303452,1.0,1.0
853,1,1,0,16.0,2,0,False,False,True,False,False,False,True,False,False,False,3.698829784967104,0.0,1.0
854,0,2,0,44.0,2,0,False,False,True,False,False,False,True,False,False,False,3.295836866004329,1.0,0.0
855,1,3,0,18.0,2,0,False,False,True,False,False,False,False,False,False,True,2.336986519711378,0.0,1.0
856,1,1,0,45.0,3,0,False,False,True,False,False,True,False,False,False,False,4.306742249663978,1.0,1.0
857,1,1,1,51.0,1,1,False,False,True,False,False,False,False,True,False,False,3.3160025355989236,0.0,0.0
858,1,3,0,24.0,4,0,True,False,False,False,False,False,False,False,True,False,3.0085645861193133,0.0,1.5811388300841898
860,0,3,1,41.0,3,0,False,False,True,False,False,False,False,False,True,False,2.7152442616824506,1.4142135623730951,0.0
861,0,2,1,21.0,2,0,False,False,True,False,False,False,False,True,False,False,2.5257286443082556,1.0,0.0
862,1,1,0,48.0,1,1,False,False,True,False,False,False,True,False,False,False,3.2932111997353943,0.0,0.0
864,0,2,1,24.0,1,1,False,False,True,False,False,False,True,False,False,False,2.6390573296152584,0.0,0.0
865,1,2,0,42.0,1,1,False,False,True,False,False,False,True,False,False,False,2.6390573296152584,0.0,0.0
866,1,2,0,27.0,2,0,True,False,False,False,False,False,True,False,False,False,2.698558631668595,1.0,0.0
867,0,1,1,31.0,1,1,False,False,True,True,False,False,False,False,False,False,3.941500250945973,0.0,0.0
868,0,3,1,29.869351032448375,1,1,False,False,True,False,False,False,False,True,False,False,2.3513752571634776,0.0,0.0
869,1,3,1,4.0,3,0,False,False,True,False,False,False,False,False,True,False,2.495953738718064,1.0,1.0
871,1,1,0,47.0,3,0,False,False,True,False,False,False,True,False,False,False,3.9806942251907276,1.0,1.0
872,0,1,1,33.0,1,1,False,False,True,False,True,False,False,False,False,False,1.791759469228055,0.0,0.0
873,0,3,1,47.0,1,1,False,False,True,False,False,False,False,True,False,False,2.302585092994046,0.0,0.0
874,1,2,0,28.0,2,0,True,False,False,False,False,False,True,False,False,False,3.2188758248682006,1.0,0.0
875,1,3,0,15.0,1,1,True,False,False,False,False,False,False,False,False,True,2.1071782966514356,0.0,0.0
876,0,3,1,20.0,1,1,False,False,True,False,False,False,False,False,False,True,2.3837779082709782,0.0,0.0
879,1,1,0,56.0,2,0,True,False,False,False,False,True,False,False,False,False,4.306742249663978,0.0,1.0
880,1,2,0,25.0,2,0,False,False,True,False,False,False,False,True,False,False,3.295836866004329,0.0,1.0
881,0,3,1,33.0,1,1,False,False,True,False,False,False,False,True,False,False,2.1855792552411137,0.0,0.0
882,0,3,0,22.0,1,1,False,False,True,False,False,False,False,False,False,True,2.4437981558973862,0.0,0.0
883,0,2,1,28.0,1,1,False,False,True,False,False,False,True,False,False,False,2.4423470353692043,0.0,0.0
885,0,3,0,39.0,6,0,False,True,False,False,False,False,False,True,False,False,3.405355391810819,0.0,1.5811388300841898
887,1,1,0,19.0,1,1,False,False,True,False,True,False,False,False,False,False,3.4339872044851463,0.0,0.0
888,0,3,0,29.869351032448375,4,0,False,False,True,False,False,False,False,False,True,False,3.196630215920881,1.0,1.4142135623730951
889,1,1,1,26.0,1,1,True,False,False,False,False,True,False,False,False,False,3.4339872044851463,0.0,0.0
890,0,3,1,32.0,1,1,False,True,False,False,False,False,False,True,False,False,2.169053700369523,0.0,0.0
