,survived,pclass,sex,age,sibsp,parch,fare,FamilySize,isAlone,embarked_C,embarked_Q,embarked_S,deck_A,deck_B,deck_C,deck_D,deck_E,deck_F,deck_G
0,0,3,1,22.0,1,0,7.25,2,0,False,False,True,False,False,False,False,False,False,True
1,1,1,0,38.0,1,0,71.2833,2,0,True,False,False,False,False,True,False,False,False,False
2,1,3,0,26.0,0,0,7.925,1,1,False,False,True,False,False,False,False,True,False,False
3,1,1,0,35.0,1,0,53.1,2,0,False,False,True,False,False,True,False,False,False,False
4,0,3,1,35.0,0,0,8.05,1,1,False,False,True,False,False,False,False,True,False,False
5,0,3,1,29.869351032448375,0,0,8.4583,1,1,False,True,False,False,False,False,False,False,False,True
6,0,1,1,54.0,0,0,51.8625,1,1,False,False,True,False,False,False,False,True,False,False
7,0,3,1,2.0,3,1,21.075,5,0,False,False,True,False,False,False,False,False,True,False
8,1,3,0,27.0,0,2,11.1333,3,0,False,False,True,False,False,False,False,True,False,False
9,1,2,0,14.0,1,0,30.0708,2,0,True,False,False,False,False,False,True,False,False,False
10,1,3,0,4.0,1,1,16.7,3,0,False,False,True,False,False,False,False,False,False,True
11,1,1,0,58.0,0,0,26.55,1,1,False,False,True,False,False,True,False,False,False,False
12,0,3,1,20.0,0,0,8.05,1,1,False,False,True,False,False,False,False,True,False,False
13,0,3,1,39.0,1,5,31.275,7,0,False,False,True,False,False,False,False,False,False,True
14,0,3,0,14.0,0,0,7.8542,1,1,False,False,True,False,False,False,False,True,False,False
15,1,2,0,55.0,0,0,16.0,1,1,False,False,True,False,False,False,True,False,False,False
16,0,3,1,2.0,4,1,29.125,6,0,False,True,False,False,False,False,False,False,False,True
17,1,2,1,29.869351032448375,0,0,13.0,1,1,False,False,True,False,False,False,False,True,False,False
18,0,3,0,31.0,1,0,18.0,2,0,False,False,True,False,False,False,False,True,False,False
19,1,3,0,29.869351032448375,0,0,7.225,1,1,True,False,False,False,False,False,False,True,False,False
20,0,2,1,35.0,0,0,26.0,1,1,False,False,True,False,False,False,True,False,False,False
21,1,2,1,34.0,0,0,13.0,1,1,False,False,True,False,False,False,True,False,False,False
22,1,3,0,15.0,0,0,8.0292,1,1,False,True,False,False,False,False,False,True,False,False
23,1,1,1,28.0,0,0,35.5,1,1,False,False,True,True,False,False,False,False,False,False
24,0,3,0,8.0,3,1,21.075,5,0,False,False,True,False,False,False,False,True,False,False
25,1,3,0,38.0,1,5,31.3875,7,0,False,False,True,False,False,False,False,False,False,True
26,0,3,1,29.869351032448375,0,0,7.225,1,1,True,False,False,False,False,False,False,False,False,True
27,0,1,1,19.0,3,2,263.0,6,0,False,False,True,False,False,True,False,False,False,False
28,1,3,0,29.869351032448375,0,0,7.8792,1,1,False,True,False,False,False,False,False,True,False,False
29,0,3,1,29.869351032448375,0,0,7.8958,1,1,False,False,True,False,False,False,False,False,False,True
30,0,1,1,40.0,0,0,27.7208,1,1,True,False,False,True,False,False,False,False,False,False
31,1,1,0,29.869351032448375,1,0,146.5208,2,0,True,False,False,False,True,False,False,False,False,False
32,1,3,0,29.869351032448375,0,0,7.75,1,1,False,True,False,False,False,False,False,False,False,True
33,0,2,1,66.0,0,0,10.5,1,1,False,False,True,False,False,False,False,True,False,False
34,0,1,1,28.0,1,0,82.1708,2,0,True,False,False,True,False,False,False,False,False,False
35,0,1,1,42.0,1,0,52.0,2,0,False,False,True,False,True,False,False,False,False,False
36,1,3,1,29.869351032448375,0,0,7.2292,1,1,True,False,False,False,False,False,False,False,False,True
37,0,3,1,21.0,0,0,8.05,1,1,False,False,True,False,False,False,False,False,True,False
38,0,3,0,18.0,2,0,18.0,3,0,False,False,True,False,False,False,False,True,False,False
39,1,3,0,14.0,1,0,11.2417,2,0,True,False,False,False,False,False,False,True,False,False
40,0,3,0,40.0,1,0,9.475,2,0,False,False,True,False,False,False,False,False,False,True
41,0,2,0,27.0,1,0,21.0,2,0,False,False,True,False,False,False,False,True,False,False
42,0,3,1,29.869351032448375,0,0,7.8958,1,1,True,False,False,False,False,False,False,False,True,False
43,1,2,0,3.0,1,2,41.5792,4,0,True,False,False,False,False,False,False,True,False,False
44,1,3,0,19.0,0,0,7.8792,1,1,False,True,False,False,False,False,False,True,False,False
45,0,3,1,29.869351032448375,0,0,8.05,1,1,False,False,True,False,False,False,False,True,False,False
46,0,3,1,29.869351032448375,1,0,15.5,2,0,False,True,False,False,False,False,False,False,True,False
48,0,3,1,29.869351032448375,2,0,21.6792,3,0,True,False,False,False,False,False,False,True,False,False
49,0,3,0,18.0,1,0,17.8,2,0,False,False,True,False,False,False,False,True,False,False
50,0,3,1,7.0,4,1,39.6875,6,0,False,False,True,False,False,False,False,False,True,False
51,0,3,1,21.0,0,0,7.8,1,1,False,False,True,False,False,False,False,True,False,False
52,1,1,0,49.0,1,0,76.7292,2,0,True,False,False,False,False,False,True,False,False,False
53,1,2,0,29.0,1,0,26.0,2,0,False,False,True,False,False,False,False,True,False,False
54,0,1,1,65.0,0,1,61.9792,2,0,True,False,False,False,True,False,False,False,False,False
55,1,1,1,29.869351032448375,0,0,35.5,1,1,False,False,True,False,False,True,False,False,False,False
56,1,2,0,21.0,0,0,10.5,1,1,False,False,True,False,False,False,False,True,False,False
57,0,3,1,28.5,0,0,7.2292,1,1,True,False,False,False,False,False,False,False,False,True
58,1,2,0,5.0,1,2,27.75,4,0,False,False,True,False,False,False,False,True,False,False
59,0,3,1,11.0,5,2,46.9,8,0,False,False,True,False,False,False,False,True,False,False
60,0,3,1,22.0,0,0,7.2292,1,1,True,False,False,False,False,False,False,False,False,True
61,1,1,0,38.0,0,0,80.0,1,1,False,False,True,False,True,False,False,False,False,False
62,0,1,1,45.0,1,0,83.475,2,0,False,False,True,False,False,True,False,False,False,False
63,0,3,1,4.0,3,2,27.9,6,0,False,False,True,False,False,False,False,False,True,False
64,0,1,1,29.869351032448375,0,0,27.7208,1,1,True,False,False,False,False,True,False,False,False,False
65,1,3,1,29.869351032448375,1,1,15.2458,3,0,True,False,False,False,False,False,False,True,False,False
66,1,2,0,29.0,0,0,10.5,1,1,False,False,True,False,False,False,False,False,True,False
67,0,3,1,19.0,0,0,8.1583,1,1,False,False,True,False,False,False,False,False,True,False
68,1,3,0,17.0,4,2,7.925,7,0,False,False,True,False,False,False,False,True,False,False
69,0,3,1,26.0,2,0,8.6625,3,0,False,False,True,False,False,False,False,False,False,True
70,0,2,1,32.0,0,0,10.5,1,1,False,False,True,False,False,False,False,True,False,False
71,0,3,0,16.0,5,2,46.9,8,0,False,False,True,False,False,False,False,False,False,True
72,0,2,1,21.0,0,0,73.5,1,1,False,False,True,False,False,False,False,True,False,False
73,0,3,1,26.0,1,0,14.4542,2,0,True,False,False,False,False,False,False,False,False,True
74,1,3,1,32.0,0,0,56.4958,1,1,False,False,True,False,False,False,False,True,False,False
75,0,3,1,25.0,0,0,7.65,1,1,False,False,True,False,False,False,False,False,True,False
78,1,2,1,0.83,0,2,29.0,3,0,False,False,True,False,False,False,True,False,False,False
79,1,3,0,30.0,0,0,12.475,1,1,False,False,True,False,False,False,False,True,False,False
80,0,3,1,22.0,0,0,9.0,1,1,False,False,True,False,False,False,False,False,False,True
81,1,3,1,29.0,0,0,9.5,1,1,False,False,True,False,False,False,False,True,False,False
82,1,3,0,29.869351032448375,0,0,7.7875,1,1,False,True,False,False,False,False,False,False,True,False
83,0,1,1,28.0,0,0,47.1,1,1,False,False,True,True,False,False,False,False,False,False
84,1,2,0,17.0,0,0,10.5,1,1,False,False,True,False,False,False,True,False,False,False
85,1,3,0,33.0,3,0,15.85,4,0,False,False,True,False,False,False,False,True,False,False
86,0,3,1,16.0,1,3,34.375,5,0,False,False,True,False,False,False,False,False,True,False
88,1,1,0,23.0,3,2,263.0,6,0,False,False,True,False,False,True,False,False,False,False
89,0,3,1,24.0,0,0,8.05,1,1,False,False,True,False,False,False,False,False,True,False
90,0,3,1,29.0,0,0,8.05,1,1,False,False,True,False,False,False,False,False,True,False
91,0,3,1,20.0,0,0,7.8542,1,1,False,False,True,False,False,False,False,False,False,True
92,0,1,1,46.0,1,0,61.175,2,0,False,False,True,False,False,False,False,True,False,False
93,0,3,1,26.0,1,2,20.575,4,0,False,False,True,False,False,False,False,False,True,False
94,0,3,1,59.0,0,0,7.25,1,1,False,False,True,False,False,False,False,True,False,False
96,0,1,1,71.0,0,0,34.6542,1,1,True,False,False,True,False,False,False,False,False,False
97,1,1,1,23.0,0,1,63.3583,2,0,True,False,False,False,False,False,True,False,False,False
98,1,2,0,34.0,0,1,23.0,2,0,False,False,True,False,False,False,False,True,False,False
99,0,2,1,34.0,1,0,26.0,2,0,False,False,True,False,False,False,False,True,False,False
100,0,3,0,28.0,0,0,7.8958,1,1,False,False,True,False,False,False,False,True,False,False
102,0,1,1,21.0,0,1,77.2875,2,0,False,False,True,False,False,False,True,False,False,False
103,0,3,1,33.0,0,0,8.6542,1,1,False,False,True,False,False,False,False,False,False,True
104,0,3,1,37.0,2,0,7.925,3,0,False,False,True,False,False,False,False,False,True,False
105,0,3,1,28.0,0,0,7.8958,1,1,False,False,True,False,False,False,False,False,False,True
106,1,3,0,21.0,0,0,7.65,1,1,False,False,True,False,False,False,False,False,False,True
107,1,3,1,29.869351032448375,0,0,7.775,1,1,False,False,True,False,False,False,False,False,False,True
108,0,3,1,38.0,0,0,7.8958,1,1,False,False,True,False,False,False,False,True,False,False
109,1,3,0,29.869351032448375,1,0,24.15,2,0,False,True,False,False,False,False,False,False,False,True
110,0,1,1,47.0,0,0,52.0,1,1,False,False,True,False,False,True,False,False,False,False
111,0,3,0,14.5,1,0,14.4542,2,0,True,False,False,False,False,False,False,False,False,True
112,0,3,1,22.0,0,0,8.05,1,1,False,False,True,False,False,False,False,True,False,False
113,0,3,0,20.0,1,0,9.825,2,0,False,False,True,False,False,False,False,False,False,True
114,0,3,0,17.0,0,0,14.4583,1,1,True,False,False,False,False,False,False,False,False,True
115,0,3,1,21.0,0,0,7.925,1,1,False,False,True,False,False,False,False,True,False,False
116,0,3,1,70.5,0,0,7.75,1,1,False,True,False,False,False,False,False,True,False,False
117,0,2,1,29.0,1,0,21.0,2,0,False,False,True,False,False,False,False,True,False,False
118,0,1,1,24.0,0,1,247.5208,2,0,True,False,False,False,True,False,False,False,False,False
119,0,3,0,2.0,4,2,31.275,7,0,False,False,True,False,False,False,False,False,True,False
120,0,2,1,21.0,2,0,73.5,3,0,False,False,True,False,False,False,False,True,False,False
122,0,2,1,32.5,1,0,30.0708,2,0,True,False,False,False,False,False,True,False,False,False
123,1,2,0,32.5,0,0,13.0,1,1,False,False,True,False,False,False,False,True,False,False
124,0,1,1,54.0,0,1,77.2875,2,0,False,False,True,False,False,False,True,False,False,False
125,1,3,1,12.0,1,0,11.2417,2,0,True,False,False,False,False,False,False,False,False,True
126,0,3,1,29.869351032448375,0,0,7.75,1,1,False,True,False,False,False,False,False,False,True,False
127,1,3,1,24.0,0,0,7.1417,1,1,False,False,True,False,False,False,False,True,False,False
128,1,3,0,29.869351032448375,1,1,22.3583,3,0,True,False,False,False,False,False,False,False,True,False
129,0,3,1,45.0,0,0,6.975,1,1,False,False,True,False,False,False,False,True,False,False
130,0,3,1,33.0,0,0,7.8958,1,1,True,False,False,False,False,False,False,True,False,False
131,0,3,1,20.0,0,0,7.05,1,1,False,False,True,False,False,False,False,False,True,False
132,0,3,0,47.0,1,0,14.5,2,0,False,False,True,False,False,False,False,False,True,False
134,0,2,1,25.0,0,0,13.0,1,1,False,False,True,False,False,False,False,True,False,False
135,0,2,1,23.0,0,0,15.0458,1,1,True,False,False,False,False,False,True,False,False,False
136,1,1,0,19.0,0,2,26.2833,3,0,False,False,True,False,False,False,True,False,False,False
137,0,1,1,37.0,1,0,53.1,2,0,False,False,True,False,False,True,False,False,False,False
138,0,3,1,16.0,0,0,9.2167,1,1,False,False,True,False,False,False,False,True,False,False
139,0,1,1,24.0,0,0,79.2,1,1,True,False,False,False,True,False,False,False,False,False
140,0,3,0,29.869351032448375,0,2,15.2458,3,0,True,False,False,False,False,False,False,False,False,True
141,1,3,0,22.0,0,0,7.75,1,1,False,False,True,False,False,False,False,False,False,True
142,1,3,0,24.0,1,0,15.85,2,0,False,False,True,False,False,False,False,False,True,False
143,0,3,1,19.0,0,0,6.75,1,1,False,True,False,False,False,False,False,True,False,False
144,0,2,1,18.0,0,0,11.5,1,1,False,False,True,False,False,False,False,True,False,False
145,0,2,1,19.0,1,1,36.75,3,0,False,False,True,False,False,False,False,True,False,False
146,1,3,1,27.0,0,0,7.7958,1,1,False,False,True,False,False,False,False,False,False,True
147,0,3,0,9.0,2,2,34.375,5,0,False,False,True,False,False,False,False,False,True,False
148,0,2,1,36.5,0,2,26.0,3,0,False,False,True,False,False,False,False,False,True,False
149,0,2,1,42.0,0,0,13.0,1,1,False,False,True,False,False,False,True,False,False,False
150,0,2,1,51.0,0,0,12.525,1,1,False,False,True,False,False,False,False,True,False,False
151,1,1,0,22.0,1,0,66.6,2,0,False,False,True,False,False,True,False,False,False,False
152,0,3,1,55.5,0,0,8.05,1,1,False,False,True,False,False,False,False,True,False,False
153,0,3,1,40.5,0,2,14.5,3,0,False,False,True,False,False,False,False,True,False,False
154,0,3,1,29.869351032448375,0,0,7.3125,1,1,False,False,True,False,False,False,False,False,False,True
155,0,1,1,51.0,0,1,61.3792,2,0,True,False,False,False,False,True,False,False,False,False
156,1,3,0,16.0,0,0,7.7333,1,1,False,True,False,False,False,False,False,False,False,True
157,0,3,1,30.0,0,0,8.05,1,1,False,False,True,False,False,False,False,False,True,False
158,0,3,1,29.869351032448375,0,0,8.6625,1,1,False,False,True,False,False,False,False,False,False,True
159,0,3,1,29.869351032448375,8,2,69.55,11,0,False,False,True,False,False,False,False,False,False,True
160,0,3,1,44.0,0,1,16.1,2,0,False,False,True,False,False,False,False,False,True,False
161,1,2,0,40.0,0,0,15.75,1,1,False,False,True,False,False,False,False,True,False,False
162,0,3,1,26.0,0,0,7.775,1,1,False,False,True,False,False,False,False,False,True,False
163,0,3,1,17.0,0,0,8.6625,1,1,False,False,True,False,False,False,False,True,False,False
164,0,3,1,1.0,4,1,39.6875,6,0,False,False,True,False,False,False,False,True,False,False
165,1,3,1,9.0,0,2,20.525,3,0,False,False,True,False,False,False,False,False,False,True
166,1,1,0,29.869351032448375,0,1,55.0,2,0,False,False,True,False,False,False,False,True,False,False
167,0,3,0,45.0,1,4,27.9,6,0,False,False,True,False,False,False,False,False,True,False
168,0,1,1,29.869351032448375,0,0,25.925,1,1,False,False,True,True,False,False,False,False,False,False
169,0,3,1,28.0,0,0,56.4958,1,1,False,False,True,False,False,False,False,True,False,False
170,0,1,1,61.0,0,0,33.5,1,1,False,False,True,False,True,False,False,False,False,False
171,0,3,1,4.0,4,1,29.125,6,0,False,True,False,False,False,False,False,True,False,False
172,1,3,0,1.0,1,1,11.1333,3,0,False,False,True,False,False,False,False,True,False,False
174,0,1,1,56.0,0,0,30.6958,1,1,True,False,False,True,False,False,False,False,False,False
175,0,3,1,18.0,1,1,7.8542,3,0,False,False,True,False,False,False,False,False,False,True
176,0,3,1,29.869351032448375,3,1,25.4667,5,0,False,False,True,False,False,False,False,True,False,False
177,0,1,0,50.0,0,0,28.7125,1,1,True,False,False,False,False,True,False,False,False,False
178,0,2,1,30.0,0,0,13.0,1,1,False,False,True,False,False,False,False,True,False,False
179,0,3,1,36.0,0,0,0.0,1,1,False,False,True,False,False,False,False,False,False,True
180,0,3,0,29.869351032448375,8,2,69.55,11,0,False,False,True,False,False,False,False,True,False,False
181,0,2,1,29.869351032448375,0,0,15.05,1,1,True,False,False,False,False,False,False,True,False,False
182,0,3,1,9.0,4,2,31.3875,7,0,False,False,True,False,False,False,False,False,True,False
183,1,2,1,1.0,2,1,39.0,4,0,False,False,True,False,False,False,False,False,True,False
184,1,3,0,4.0,0,2,22.025,3,0,False,False,True,False,False,False,False,False,False,True
185,0,1,1,29.869351032448375,0,0,50.0,1,1,False,False,True,True,False,False,False,False,False,False
186,1,3,0,29.869351032448375,1,0,15.5,2,0,False,True,False,False,False,False,False,False,True,False
187,1,1,1,45.0,0,0,26.55,1,1,False,False,True,False,False,True,False,False,False,False
188,0,3,1,40.0,1,1,15.5,3,0,False,True,False,False,False,False,False,False,True,False
189,0,3,1,36.0,0,0,7.8958,1,1,False,False,True,False,False,False,False,False,False,True
190,1,2,0,32.0,0,0,13.0,1,1,False,False,True,False,False,False,True,False,False,False
191,0,2,1,19.0,0,0,13.0,1,1,False,False,True,False,False,False,True,False,False,False
192,1,3,0,19.0,1,0,7.8542,2,0,False,False,True,False,False,False,False,False,False,True
193,1,2,1,3.0,1,1,26.0,3,0,False,False,True,False,False,False,False,False,True,False
194,1,1,0,44.0,0,0,27.7208,1,1,True,False,False,False,True,False,False,False,False,False
195,1,1,0,58.0,0,0,146.5208,1,1,True,False,False,False,True,False,False,False,False,False
197,0,3,1,42.0,0,1,8.4042,2,0,False,False,True,False,False,False,False,False,False,True
199,0,2,0,24.0,0,0,13.0,1,1,False,False,True,False,False,False,False,True,False,False
200,0,3,1,28.0,0,0,9.5,1,1,False,False,True,False,False,False,False,False,False,True
202,0,3,1,34.0,0,0,6.4958,1,1,False,False,True,False,False,False,False,False,True,False
203,0,3,1,45.5,0,0,7.225,1,1,True,False,False,False,False,False,False,True,False,False
204,1,3,1,18.0,0,0,8.05,1,1,False,False,True,False,False,False,False,False,True,False
205,0,3,0,2.0,0,1,10.4625,2,0,False,False,True,False,False,False,False,False,False,True
206,0,3,1,32.0,1,0,15.85,2,0,False,False,True,False,False,False,False,False,True,False
207,1,3,1,26.0,0,0,18.7875,1,1,True,False,False,False,False,False,False,True,False,False
208,1,3,0,16.0,0,0,7.75,1,1,False,True,False,False,False,False,False,False,True,False
209,1,1,1,40.0,0,0,31.0,1,1,True,False,False,True,False,False,False,False,False,False
210,0,3,1,24.0,0,0,7.05,1,1,False,False,True,False,False,False,False,True,False,False
211,1,2,0,35.0,0,0,21.0,1,1,False,False,True,False,False,False,False,True,False,False
212,0,3,1,22.0,0,0,7.25,1,1,False,False,True,False,False,False,False,False,False,True
214,0,3,1,29.869351032448375,1,0,7.75,2,0,False,True,False,False,False,False,False,True,False,False
215,1,1,0,31.0,1,0,113.275,2,0,True,False,False,False,False,False,True,False,False,False
216,1,3,0,27.0,0,0,7.925,1,1,False,False,True,False,False,False,False,False,False,True
217,0,2,1,42.0,1,0,27.0,2,0,False,False,True,False,False,False,True,False,False,False
218,1,1,0,32.0,0,0,76.2917,1,1,True,False,False,False,False,False,True,False,False,False
219,0,2,1,30.0,0,0,10.5,1,1,False,False,True,False,False,False,False,True,False,False
220,1,3,1,16.0,0,0,8.05,1,1,False,False,True,False,False,False,False,False,False,True
221,0,2,1,27.0,0,0,13.0,1,1,False,False,True,False,False,False,True,False,False,False
222,0,3,1,51.0,0,0,8.05,1,1,False,False,True,False,False,False,False,True,False,False
224,1,1,1,38.0,1,0,90.0,2,0,False,False,True,False,False,True,False,False,False,False
225,0,3,1,22.0,0,0,9.35,1,1,False,False,True,False,False,False,False,False,True,False
226,1,2,1,19.0,0,0,10.5,1,1,False,False,True,False,False,False,True,False,False,False
227,0,3,1,20.5,0,0,7.25,1,1,False,False,True,False,False,False,False,False,False,True
228,0,2,1,18.0,0,0,13.0,1,1,False,False,True,False,False,False,True,False,False,False
229,0,3,0,29.869351032448375,3,1,25.4667,5,0,False,False,True,False,False,False,False,False,False,True
230,1,1,0,35.0,1,0,83.475,2,0,False,False,True,False,False,True,False,False,False,False
231,0,3,1,29.0,0,0,7.775,1,1,False,False,True,False,False,False,False,False,True,False
232,0,2,1,59.0,0,0,13.5,1,1,False,False,True,False,False,False,False,True,False,False
233,1,3,0,5.0,4,2,31.3875,7,0,False,False,True,False,False,False,False,True,False,False
234,0,2,1,24.0,0,0,10.5,1,1,False,False,True,False,False,False,True,False,False,False
235,0,3,0,29.869351032448375,0,0,7.55,1,1,False,False,True,False,False,False,False,False,True,False
236,0,2,1,44.0,1,0,26.0,2,0,False,False,True,False,False,False,False,True,False,False
237,1,2,0,8.0,0,2,26.25,3,0,False,False,True,False,False,False,True,False,False,False
238,0,2,1,19.0,0,0,10.5,1,1,False,False,True,False,False,False,True,False,False,False
239,0,2,1,33.0,0,0,12.275,1,1,False,False,True,False,False,False,True,False,False,False
240,0,3,0,29.869351032448375,1,0,14.4542,2,0,True,False,False,False,False,False,False,False,False,True
242,0,2,1,29.0,0,0,10.5,1,1,False,False,True,False,False,False,True,False,False,False
243,0,3,1,22.0,0,0,7.125,1,1,False,False,True,False,False,False,False,True,False,False
244,0,3,1,30.0,0,0,7.225,1,1,True,False,False,False,False,False,False,False,False,True
245,0,1,1,44.0,2,0,90.0,3,0,False,True,False,False,False,True,False,False,False,False
246,0,3,0,25.0,0,0,7.775,1,1,False,False,True,False,False,False,False,False,True,False
247,1,2,0,24.0,0,2,14.5,3,0,False,False,True,False,False,False,True,False,False,False
248,1,1,1,37.0,1,1,52.5542,3,0,False,False,True,False,False,False,True,False,False,False
249,0,2,1,54.0,1,0,26.0,2,0,False,False,True,False,False,False,True,False,False,False
250,0,3,1,29.869351032448375,0,0,7.25,1,1,False,False,True,False,False,False,False,True,False,False
251,0,3,0,29.0,1,1,10.4625,3,0,False,False,True,False,False,False,False,False,False,True
252,0,1,1,62.0,0,0,26.55,1,1,False,False,True,False,False,True,False,False,False,False
253,0,3,1,30.0,1,0,16.1,2,0,False,False,True,False,False,False,False,False,False,True
254,0,3,0,41.0,0,2,20.2125,3,0,False,False,True,False,False,False,False,False,True,False
255,1,3,0,29.0,0,2,15.2458,3,0,True,False,False,False,False,False,False,False,False,True
256,1,1,0,29.869351032448375,0,0,79.2,1,1,True,False,False,True,False,False,False,False,False,False
257,1,1,0,30.0,0,0,86.5,1,1,False,False,True,False,True,False,False,False,False,False
258,1,1,0,35.0,0,0,512.3292,1,1,True,False,False,False,True,False,False,False,False,False
259,1,2,0,50.0,0,1,26.0,2,0,False,False,True,False,False,False,False,True,False,False
261,1,3,1,3.0,4,2,31.3875,7,0,False,False,True,False,False,False,False,True,False,False
262,0,1,1,52.0,1,1,79.65,3,0,False,False,True,False,False,False,False,True,False,False
263,0,1,1,40.0,0,0,0.0,1,1,False,False,True,False,True,False,False,False,False,False
264,0,3,0,29.869351032448375,0,0,7.75,1,1,False,True,False,False,False,False,False,False,False,True
265,0,2,1,36.0,0,0,10.5,1,1,False,False,True,False,False,False,True,False,False,False
266,0,3,1,16.0,4,1,39.6875,6,0,False,False,True,False,False,False,False,False,False,True
267,1,3,1,25.0,1,0,7.775,2,0,False,False,True,False,False,False,False,False,True,False
268,1,1,0,58.0,0,1,153.4625,2,0,False,False,True,False,False,True,False,False,False,False
269,1,1,0,35.0,0,0,135.6333,1,1,False,False,True,False,False,True,False,False,False,False
270,0,1,1,29.869351032448375,0,0,31.0,1,1,False,False,True,False,True,False,False,False,False,False
271,1,3,1,25.0,0,0,0.0,1,1,False,False,True,False,False,False,False,False,False,True
272,1,2,0,41.0,0,1,19.5,2,0,False,False,True,False,False,False,False,True,False,False
273,0,1,1,37.0,0,1,29.7,2,0,True,False,False,False,False,True,False,False,False,False
275,1,1,0,63.0,1,0,77.9583,2,0,False,False,True,False,False,False,True,False,False,False
276,0,3,0,45.0,0,0,7.75,1,1,False,False,True,False,False,False,False,False,True,False
277,0,2,1,29.869351032448375,0,0,0.0,1,1,False,False,True,False,False,False,False,True,False,False
278,0,3,1,7.0,4,1,29.125,6,0,False,True,False,False,False,False,False,True,False,False
279,1,3,0,35.0,1,1,20.25,3,0,False,False,True,False,False,False,False,True,False,False
280,0,3,1,65.0,0,0,7.75,1,1,False,True,False,False,False,False,False,True,False,False
281,0,3,1,28.0,0,0,7.8542,1,1,False,False,True,False,False,False,False,True,False,False
282,0,3,1,16.0,0,0,9.5,1,1,False,False,True,False,False,False,False,False,True,False
283,1,3,1,19.0,0,0,8.05,1,1,False,False,True,False,False,False,False,True,False,False
284,0,1,1,29.869351032448375,0,0,26.0,1,1,False,False,True,True,False,False,False,False,False,False
285,0,3,1,33.0,0,0,8.6625,1,1,True,False,False,False,False,False,False,False,False,True
286,1,3,1,30.0,0,0,9.5,1,1,False,False,True,False,False,False,False,False,False,True
287,0,3,1,22.0,0,0,7.8958,1,1,False,False,True,False,False,False,False,True,False,False
288,1,2,1,42.0,0,0,13.0,1,1,False,False,True,False,False,False,True,False,False,False
289,1,3,0,22.0,0,0,7.75,1,1,False,True,False,False,False,False,False,True,False,False
290,1,1,0,26.0,0,0,78.85,1,1,False,False,True,True,False,False,False,False,False,False
291,1,1,0,19.0,1,0,91.0792,2,0,True,False,False,False,True,False,False,False,False,False
292,0,2,1,36.0,0,0,12.875,1,1,True,False,False,False,False,False,True,False,False,False
293,0,3,0,24.0,0,0,8.85,1,1,False,False,True,False,False,False,False,False,False,True
294,0,3,1,24.0,0,0,7.8958,1,1,False,False,True,False,False,False,False,False,False,True
296,0,3,1,23.5,0,0,7.2292,1,1,True,False,False,False,False,False,False,True,False,False
297,0,1,0,2.0,1,2,151.55,4,0,False,False,True,False,False,True,False,False,False,False
298,1,1,1,29.869351032448375,0,0,30.5,1,1,False,False,True,False,False,True,False,False,False,False
299,1,1,0,50.0,0,1,247.5208,2,0,True,False,False,False,True,False,False,False,False,False
301,1,3,1,29.869351032448375,2,0,23.25,3,0,False,True,False,False,False,False,False,True,False,False
302,0,3,1,19.0,0,0,0.0,1,1,False,False,True,False,False,False,False,True,False,False
303,1,2,0,29.869351032448375,0,0,12.35,1,1,False,True,False,False,False,False,False,True,False,False
305,1,1,1,0.92,1,2,151.55,4,0,False,False,True,False,False,True,False,False,False,False
306,1,1,0,29.869351032448375,0,0,110.8833,1,1,True,False,False,True,False,False,False,False,False,False
307,1,1,0,17.0,1,0,108.9,2,0,True,False,False,False,False,True,False,False,False,False
308,0,2,1,30.0,1,0,24.0,2,0,True,False,False,False,False,False,False,True,False,False
309,1,1,0,30.0,0,0,56.9292,1,1,True,False,False,False,False,False,False,True,False,False
310,1,1,0,24.0,0,0,83.1583,1,1,True,False,False,False,False,True,False,False,False,False
311,1,1,0,18.0,2,2,262.375,5,0,True,False,False,False,True,False,False,False,False,False
312,0,2,0,26.0,1,1,26.0,3,0,False,False,True,False,False,False,True,False,False,False
314,0,2,1,43.0,1,1,26.25,3,0,False,False,True,False,False,False,True,False,False,False
315,1,3,0,26.0,0,0,7.8542,1,1,False,False,True,False,False,False,False,False,True,False
316,1,2,0,24.0,1,0,26.0,2,0,False,False,True,False,False,False,False,True,False,False
317,0,2,1,54.0,0,0,14.0,1,1,False,False,True,False,False,False,True,False,False,False
318,1,1,0,31.0,0,2,164.8667,3,0,False,False,True,False,False,True,False,False,False,False
319,1,1,0,40.0,1,1,134.5,3,0,True,False,False,False,False,False,False,True,False,False
321,0,3,1,27.0,0,0,7.8958,1,1,False,False,True,False,False,False,False,False,False,True
322,1,2,0,30.0,0,0,12.35,1,1,False,True,False,False,False,False,True,False,False,False
323,1,2,0,22.0,1,1,29.0,3,0,False,False,True,False,False,False,False,True,False,False
325,1,1,0,36.0,0,0,135.6333,1,1,True,False,False,False,False,True,False,False,False,False
326,0,3,1,61.0,0,0,6.2375,1,1,False,False,True,False,False,False,False,True,False,False
327,1,2,0,36.0,0,0,13.0,1,1,False,False,True,False,False,False,True,False,False,False
328,1,3,0,31.0,1,1,20.525,3,0,False,False,True,False,False,False,False,False,True,False
329,1,1,0,16.0,0,1,57.9792,2,0,True,False,False,False,True,False,False,False,False,False
330,1,3,0,29.869351032448375,2,0,23.25,3,0,False,True,False,False,False,False,False,False,True,False
331,0,1,1,45.5,0,0,28.5,1,1,False,False,True,False,False,True,False,False,False,False
332,0,1,1,38.0,0,1,153.4625,2,0,False,False,True,False,False,True,False,False,False,False
333,0,3,1,16.0,2,0,18.0,3,0,False,False,True,False,False,False,False,True,False,False
334,1,1,0,29.869351032448375,1,0,133.65,2,0,False,False,True,True,False,False,False,False,False,False
336,0,1,1,29.0,1,0,66.6,2,0,False,False,True,False,False,True,False,False,False,False
337,1,1,0,41.0,0,0,134.5,1,1,True,False,False,False,False,False,False,True,False,False
338,1,3,1,45.0,0,0,8.05,1,1,False,False,True,False,False,False,False,True,False,False
339,0,1,1,45.0,0,0,35.5,1,1,False,False,True,False,False,True,False,False,False,False
340,1,2,1,2.0,1,1,26.0,3,0,False,False,True,False,False,False,False,False,True,False
341,1,1,0,24.0,3,2,263.0,6,0,False,False,True,False,False,True,False,False,False,False
342,0,2,1,28.0,0,0,13.0,1,1,False,False,True,False,False,False,False,True,False,False
344,0,2,1,36.0,0,0,13.0,1,1,False,False,True,False,False,False,False,True,False,False
345,1,2,0,24.0,0,0,13.0,1,1,False,False,True,False,False,False,False,False,True,False
346,1,2,0,40.0,0,0,13.0,1,1,False,False,True,False,False,False,False,True,False,False
347,1,3,0,29.869351032448375,1,0,16.1,2,0,False,False,True,False,False,False,False,False,True,False
348,1,3,1,3.0,1,1,15.9,3,0,False,False,True,False,False,False,False,False,True,False
349,0,3,1,42.0,0,0,8.6625,1,1,False,False,True,False,False,False,False,False,False,True
350,0,3,1,23.0,0,0,9.225,1,1,False,False,True,False,False,False,False,True,False,False
351,0,1,1,29.869351032448375,0,0,35.0,1,1,False,False,True,False,False,True,False,False,False,False
352,0,3,1,15.0,1,1,7.2292,3,0,True,False,False,False,False,False,False,False,False,True
353,0,3,1,25.0,1,0,17.8,2,0,False,False,True,False,False,False,False,False,False,True
356,1,1,0,22.0,0,1,55.0,2,0,False,False,True,False,False,False,False,True,False,False
357,0,2,0,38.0,0,0,13.0,1,1,False,False,True,False,False,False,True,False,False,False
360,0,3,1,40.0,1,4,27.9,6,0,False,False,True,False,False,False,False,True,False,False
361,0,2,1,29.0,1,0,27.7208,2,0,True,False,False,False,False,False,False,True,False,False
362,0,3,0,45.0,0,1,14.4542,2,0,True,False,False,False,False,False,False,False,False,True
363,0,3,1,35.0,0,0,7.05,1,1,False,False,True,False,False,False,False,False,True,False
365,0,3,1,30.0,0,0,7.25,1,1,False,False,True,False,False,False,False,True,False,False
366,1,1,0,60.0,1,0,75.25,2,0,True,False,False,False,False,False,True,False,False,False
367,1,3,0,29.869351032448375,0,0,7.2292,1,1,True,False,False,False,False,False,False,True,False,False
369,1,1,0,24.0,0,0,69.3,1,1,True,False,False,False,True,False,False,False,False,False
370,1,1,1,25.0,1,0,55.4417,2,0,True,False,False,False,False,False,False,True,False,False
371,0,3,1,18.0,1,0,6.4958,2,0,False,False,True,False,False,False,False,True,False,False
372,0,3,1,19.0,0,0,8.05,1,1,False,False,True,False,False,False,False,True,False,False
373,0,1,1,22.0,0,0,135.6333,1,1,True,False,False,False,False,True,False,False,False,False
374,0,3,0,3.0,3,1,21.075,5,0,False,False,True,False,False,False,False,False,True,False
375,1,1,0,29.869351032448375,1,0,82.1708,2,0,True,False,False,True,False,False,False,False,False,False
376,1,3,0,22.0,0,0,7.25,1,1,False,False,True,False,False,False,False,False,True,False
377,0,1,1,27.0,0,2,211.5,3,0,True,False,False,False,False,True,False,False,False,False
378,0,3,1,20.0,0,0,4.0125,1,1,True,False,False,False,False,False,False,True,False,False
379,0,3,1,19.0,0,0,7.775,1,1,False,False,True,False,False,False,False,False,True,False
380,1,1,0,42.0,0,0,227.525,1,1,True,False,False,False,True,False,False,False,False,False
381,1,3,0,1.0,0,2,15.7417,3,0,True,False,False,False,False,False,False,True,False,False
382,0,3,1,32.0,0,0,7.925,1,1,False,False,True,False,False,False,False,True,False,False
383,1,1,0,35.0,1,0,52.0,2,0,False,False,True,False,True,False,False,False,False,False
385,0,2,1,18.0,0,0,73.5,1,1,False,False,True,False,False,False,True,False,False,False
386,0,3,1,1.0,5,2,46.9,8,0,False,False,True,False,False,False,False,True,False,False
387,1,2,0,36.0,0,0,13.0,1,1,False,False,True,False,False,False,True,False,False,False
388,0,3,1,29.869351032448375,0,0,7.7292,1,1,False,True,False,False,False,False,False,True,False,False
389,1,2,0,17.0,0,0,12.0,1,1,True,False,False,False,False,False,True,False,False,False
390,1,1,1,36.0,1,2,120.0,4,0,False,False,True,False,True,False,False,False,False,False
391,1,3,1,21.0,0,0,7.7958,1,1,False,False,True,False,False,False,False,True,False,False
392,0,3,1,28.0,2,0,7.925,3,0,False,False,True,False,False,False,False,False,True,False
393,1,1,0,23.0,1,0,113.275,2,0,True,False,False,False,False,False,True,False,False,False
394,1,3,0,24.0,0,2,16.7,3,0,False,False,True,False,False,False,False,False,False,True
395,0,3,1,22.0,0,0,7.7958,1,1,False,False,True,False,False,False,False,False,True,False
396,0,3,0,31.0,0,0,7.8542,1,1,False,False,True,False,False,False,False,False,True,False
397,0,2,1,46.0,0,0,26.0,1,1,False,False,True,False,False,False,True,False,False,False
398,0,2,1,23.0,0,0,10.5,1,1,False,False,True,False,False,False,False,True,False,False
399,1,2,0,28.0,0,0,12.65,1,1,False,False,True,False,False,False,True,False,False,False
400,1,3,1,39.0,0,0,7.925,1,1,False,False,True,False,False,False,False,True,False,False
401,0,3,1,26.0,0,0,8.05,1,1,False,False,True,False,False,False,False,False,True,False
402,0,3,0,21.0,1,0,9.825,2,0,False,False,True,False,False,False,False,True,False,False
403,0,3,1,28.0,1,0,15.85,2,0,False,False,True,False,False,False,False,False,True,False
404,0,3,0,20.0,0,0,8.6625,1,1,False,False,True,False,False,False,False,False,True,False
405,0,2,1,34.0,1,0,21.0,2,0,False,False,True,False,False,False,False,True,False,False
406,0,3,1,51.0,0,0,7.75,1,1,False,False,True,False,False,False,False,False,True,False
407,1,2,1,3.0,1,1,18.75,3,0,False,False,True,False,False,False,False,True,False,False
408,0,3,1,21.0,0,0,7.775,1,1,False,False,True,False,False,False,False,False,False,True
411,0,3,1,29.869351032448375,0,0,6.8583,1,1,False,True,False,False,False,False,False,False,False,True
412,1,1,0,33.0,1,0,90.0,2,0,False,True,False,False,False,True,False,False,False,False
414,1,3,1,44.0,0,0,7.925,1,1,False,False,True,False,False,False,False,False,False,True
415,0,3,0,29.869351032448375,0,0,8.05,1,1,False,False,True,False,False,False,False,False,False,True
416,1,2,0,34.0,1,1,32.5,3,0,False,False,True,False,False,False,False,True,False,False
417,1,2,0,18.0,0,2,13.0,3,0,False,False,True,False,False,False,True,False,False,False
419,0,3,0,10.0,0,2,24.15,3,0,False,False,True,False,False,False,False,True,False,False
421,0,3,1,21.0,0,0,7.7333,1,1,False,True,False,False,False,False,False,False,True,False
422,0,3,1,29.0,0,0,7.875,1,1,False,False,True,False,False,False,False,True,False,False
423,0,3,0,28.0,1,1,14.4,3,0,False,False,True,False,False,False,False,True,False,False
424,0,3,1,18.0,1,1,20.2125,3,0,False,False,True,False,False,False,False,False,False,True
426,1,2,0,28.0,1,0,26.0,2,0,False,False,True,False,False,False,True,False,False,False
427,1,2,0,19.0,0,0,26.0,1,1,False,False,True,False,False,False,False,True,False,False
429,1,3,1,32.0,0,0,8.05,1,1,False,False,True,False,False,False,False,True,False,False
430,1,1,1,28.0,0,0,26.55,1,1,False,False,True,False,False,True,False,False,False,False
432,1,2,0,42.0,1,0,26.0,2,0,False,False,True,False,False,False,True,False,False,False
433,0,3,1,17.0,0,0,7.125,1,1,False,False,True,False,False,False,False,True,False,False
434,0,1,1,50.0,1,0,55.9,2,0,False,False,True,False,False,False,False,True,False,False
435,1,1,0,14.0,1,2,120.0,4,0,False,False,True,False,True,False,False,False,False,False
436,0,3,0,21.0,2,2,34.375,5,0,False,False,True,False,False,False,False,False,False,True
437,1,2,0,24.0,2,3,18.75,6,0,False,False,True,False,False,False,False,True,False,False
438,0,1,1,64.0,1,4,263.0,6,0,False,False,True,False,False,True,False,False,False,False
439,0,2,1,31.0,0,0,10.5,1,1,False,False,True,False,False,False,True,False,False,False
440,1,2,0,45.0,1,1,26.25,3,0,False,False,True,False,False,False,True,False,False,False
441,0,3,1,20.0,0,0,9.5,1,1,False,False,True,False,False,False,False,False,False,True
442,0,3,1,25.0,1,0,7.775,2,0,False,False,True,False,False,False,False,True,False,False
443,1,2,0,28.0,0,0,13.0,1,1,False,False,True,False,False,False,True,False,False,False
444,1,3,1,29.869351032448375,0,0,8.1125,1,1,False,False,True,False,False,False,False,True,False,False
445,1,1,1,4.0,0,2,81.8583,3,0,False,False,True,True,False,False,False,False,False,False
446,1,2,0,13.0,0,1,19.5,2,0,False,False,True,False,False,False,True,False,False,False
447,1,1,1,34.0,0,0,26.55,1,1,False,False,True,False,False,True,False,False,False,False
448,1,3,0,5.0,2,1,19.2583,4,0,True,False,False,False,False,False,False,True,False,False
449,1,1,1,52.0,0,0,30.5,1,1,False,False,True,False,False,True,False,False,False,False
450,0,2,1,36.0,1,2,27.75,4,0,False,False,True,False,False,False,False,True,False,False
451,0,3,1,29.869351032448375,1,0,19.9667,2,0,False,False,True,False,False,False,False,True,False,False
452,0,1,1,30.0,0,0,27.75,1,1,True,False,False,False,False,True,False,False,False,False
453,1,1,1,49.0,1,0,89.1042,2,0,True,False,False,False,False,True,False,False,False,False
455,1,3,1,29.0,0,0,7.8958,1,1,True,False,False,False,False,False,False,False,False,True
456,0,1,1,65.0,0,0,26.55,1,1,False,False,True,False,False,False,False,True,False,False
457,1,1,0,29.869351032448375,1,0,51.8625,2,0,False,False,True,False,False,False,True,False,False,False
458,1,2,0,50.0,0,0,10.5,1,1,False,False,True,False,False,False,True,False,False,False
460,1,1,1,48.0,0,0,26.55,1,1,False,False,True,False,False,False,False,True,False,False
461,0,3,1,34.0,0,0,8.05,1,1,False,False,True,False,False,False,False,False,False,True
462,0,1,1,47.0,0,0,38.5,1,1,False,False,True,False,False,False,False,True,False,False
463,0,2,1,48.0,0,0,13.0,1,1,False,False,True,False,False,False,True,False,False,False
465,0,3,1,38.0,0,0,7.05,1,1,False,False,True,False,False,False,False,False,False,True
467,0,1,1,56.0,0,0,26.55,1,1,False,False,True,True,False,False,False,False,False,False
468,0,3,1,29.869351032448375,0,0,7.725,1,1,False,True,False,False,False,False,False,False,True,False
469,1,3,0,0.75,2,1,19.2583,4,0,True,False,False,False,False,False,False,False,False,True
471,0,3,1,38.0,0,0,8.6625,1,1,False,False,True,False,False,False,False,False,False,True
472,1,2,0,33.0,1,2,27.75,4,0,False,False,True,False,False,False,False,True,False,False
473,1,2,0,23.0,0,0,13.7917,1,1,True,False,False,False,False,False,True,False,False,False
474,0,3,0,22.0,0,0,9.8375,1,1,False,False,True,False,False,False,False,False,True,False
475,0,1,1,29.869351032448375,0,0,52.0,1,1,False,False,True,True,False,False,False,False,False,False
477,0,3,1,29.0,1,0,7.0458,2,0,False,False,True,False,False,False,False,True,False,False
478,0,3,1,22.0,0,0,7.5208,1,1,False,False,True,False,False,False,False,False,False,True
479,1,3,0,2.0,0,1,12.2875,2,0,False,False,True,False,False,False,False,False,False,True
480,0,3,1,9.0,5,2,46.9,8,0,False,False,True,False,False,False,False,False,True,False
482,0,3,1,50.0,0,0,8.05,1,1,False,False,True,False,False,False,False,True,False,False
483,1,3,0,63.0,0,0,9.5875,1,1,False,False,True,False,False,False,False,False,True,False
484,1,1,1,25.0,1,0,91.0792,2,0,True,False,False,False,True,False,False,False,False,False
486,1,1,0,35.0,1,0,90.0,2,0,False,False,True,False,False,True,False,False,False,False
487,0,1,1,58.0,0,0,29.7,1,1,True,False,False,False,True,False,False,False,False,False
489,1,3,1,9.0,1,1,15.9,3,0,False,False,True,False,False,False,False,False,True,False
491,0,3,1,21.0,0,0,7.25,1,1,False,False,True,False,False,False,False,True,False,False
492,0,1,1,55.0,0,0,30.5,1,1,False,False,True,False,False,True,False,False,False,False
493,0,1,1,71.0,0,0,49.5042,1,1,True,False,False,False,False,True,False,False,False,False
495,0,3,1,29.869351032448375,0,0,14.4583,1,1,True,False,False,False,False,False,False,False,False,True
496,1,1,0,54.0,1,0,78.2667,2,0,True,False,False,False,False,False,True,False,False,False
497,0,3,1,29.869351032448375,0,0,15.1,1,1,False,False,True,False,False,False,False,False,True,False
498,0,1,0,25.0,1,2,151.55,4,0,False,False,True,False,False,True,False,False,False,False
499,0,3,1,24.0,0,0,7.7958,1,1,False,False,True,False,False,False,False,False,True,False
501,0,3,0,21.0,0,0,7.75,1,1,False,True,False,False,False,False,False,False,True,False
502,0,3,0,29.869351032448375,0,0,7.6292,1,1,False,True,False,False,False,False,False,True,False,False
503,0,3,0,37.0,0,0,9.5875,1,1,False,False,True,False,False,False,False,True,False,False
504,1,1,0,16.0,0,0,86.5,1,1,False,False,True,False,True,False,False,False,False,False
505,0,1,1,18.0,1,0,108.9,2,0,True,False,False,False,False,True,False,False,False,False
506,1,2,0,33.0,0,2,26.0,3,0,False,False,True,False,False,False,False,True,False,False
507,1,1,1,29.869351032448375,0,0,26.55,1,1,False,False,True,False,False,True,False,False,False,False
508,0,3,1,28.0,0,0,22.525,1,1,False,False,True,False,False,False,False,False,False,True
509,1,3,1,26.0,0,0,56.4958,1,1,False,False,True,False,False,False,False,True,False,False
510,1,3,1,29.0,0,0,7.75,1,1,False,True,False,False,False,False,False,True,False,False
512,1,1,1,36.0,0,0,26.2875,1,1,False,False,True,False,False,False,False,True,False,False
513,1,1,0,54.0,1,0,59.4,2,0,True,False,False,False,False,True,False,False,False,False
514,0,3,1,24.0,0,0,7.4958,1,1,False,False,True,False,False,False,False,True,False,False
515,0,1,1,47.0,0,0,34.0208,1,1,False,False,True,False,False,False,True,False,False,False
516,1,2,0,34.0,0,0,10.5,1,1,False,False,True,False,False,False,False,False,True,False
517,0,3,1,29.869351032448375,0,0,24.15,1,1,False,True,False,False,False,False,False,False,False,True
518,1,2,0,36.0,1,0,26.0,2,0,False,False,True,False,False,False,False,True,False,False
519,0,3,1,32.0,0,0,7.8958,1,1,False,False,True,False,False,False,False,True,False,False
520,1,1,0,30.0,0,0,93.5,1,1,False,False,True,False,True,False,False,False,False,False
523,1,1,0,44.0,0,1,57.9792,2,0,True,False,False,False,True,False,False,False,False,False
524,0,3,1,29.869351032448375,0,0,7.2292,1,1,True,False,False,False,False,False,False,False,True,False
525,0,3,1,40.5,0,0,7.75,1,1,False,True,False,False,False,False,False,True,False,False
527,0,1,1,29.869351032448375,0,0,221.7792,1,1,False,False,True,False,False,True,False,False,False,False
528,0,3,1,39.0,0,0,7.925,1,1,False,False,True,False,False,False,False,True,False,False
529,0,2,1,23.0,2,1,11.5,4,0,False,False,True,False,False,False,False,True,False,False
530,1,2,0,2.0,1,1,26.0,3,0,False,False,True,False,False,False,False,True,False,False
532,0,3,1,17.0,1,1,7.2292,3,0,True,False,False,False,False,False,False,True,False,False
533,1,3,0,29.869351032448375,0,2,22.3583,3,0,True,False,False,False,False,False,False,False,True,False
534,0,3,0,30.0,0,0,8.6625,1,1,False,False,True,False,False,False,False,False,False,True
535,1,2,0,7.0,0,2,26.25,3,0,False,False,True,False,False,False,False,True,False,False
536,0,1,1,45.0,0,0,26.55,1,1,False,False,True,False,True,False,False,False,False,False
537,1,1,0,30.0,0,0,106.425,1,1,True,False,False,False,False,True,False,False,False,False
538,0,3,1,29.869351032448375,0,0,14.5,1,1,False,False,True,False,False,False,False,False,False,True
539,1,1,0,22.0,0,2,49.5,3,0,True,False,False,False,True,False,False,False,False,False
540,1,1,0,36.0,0,2,71.0,3,0,False,False,True,False,True,False,False,False,False,False
541,0,3,0,9.0,4,2,31.275,7,0,False,False,True,False,False,False,False,False,False,True
542,0,3,0,11.0,4,2,31.275,7,0,False,False,True,False,False,False,False,True,False,False
543,1,2,1,32.0,1,0,26.0,2,0,False,False,True,False,False,False,False,True,False,False
544,0,1,1,50.0,1,0,106.425,2,0,True,False,False,False,False,True,False,False,False,False
545,0,1,1,64.0,0,0,26.0,1,1,False,False,True,False,False,True,False,False,False,False
546,1,2,0,19.0,1,0,26.0,2,0,False,False,True,False,False,False,True,False,False,False
547,1,2,1,29.869351032448375,0,0,13.8625,1,1,True,False,False,False,False,False,True,False,False,False
548,0,3,1,33.0,1,1,20.525,3,0,False,False,True,False,False,False,False,False,True,False
549,1,2,1,8.0,1,1,36.75,3,0,False,False,True,False,False,False,True,False,False,False
550,1,1,1,17.0,0,2,110.8833,3,0,True,False,False,False,False,True,False,False,False,False
551,0,2,1,27.0,0,0,26.0,1,1,False,False,True,False,False,False,True,False,False,False
552,0,3,1,29.869351032448375,0,0,7.8292,1,1,False,True,False,False,False,False,False,False,False,True
553,1,3,1,22.0,0,0,7.225,1,1,True,False,False,False,False,False,False,False,False,True
554,1,3,0,22.0,0,0,7.775,1,1,False,False,True,False,False,False,False,True,False,False
555,0,1,1,62.0,0,0,26.55,1,1,False,False,True,False,True,False,False,False,False,False
556,1,1,0,48.0,1,0,39.6,2,0,True,False,False,True,False,False,False,False,False,False
557,0,1,1,29.869351032448375,0,0,227.525,1,1,True,False,False,False,True,False,False,False,False,False
558,1,1,0,39.0,1,1,79.65,3,0,False,False,True,False,False,False,False,True,False,False
559,1,3,0,36.0,1,0,17.4,2,0,False,False,True,False,False,False,False,False,False,True
561,0,3,1,40.0,0,0,7.8958,1,1,False,False,True,False,False,False,False,True,False,False
562,0,2,1,28.0,0,0,13.5,1,1,False,False,True,False,False,False,False,True,False,False
565,0,3,1,24.0,2,0,24.15,3,0,False,False,True,False,False,False,False,True,False,False
566,0,3,1,19.0,0,0,7.8958,1,1,False,False,True,False,False,False,False,False,False,True
567,0,3,0,29.0,0,4,21.075,5,0,False,False,True,False,False,False,False,False,False,True
569,1,3,1,32.0,0,0,7.8542,1,1,False,False,True,False,False,False,False,False,True,False
570,1,2,1,62.0,0,0,10.5,1,1,False,False,True,False,False,False,False,True,False,False
571,1,1,0,53.0,2,0,51.4792,3,0,False,False,True,False,False,True,False,False,False,False
572,1,1,1,36.0,0,0,26.3875,1,1,False,False,True,False,False,False,False,True,False,False
574,0,3,1,16.0,0,0,8.05,1,1,False,False,True,False,False,False,False,False,True,False
575,0,3,1,19.0,0,0,14.5,1,1,False,False,True,False,False,False,False,True,False,False
576,1,2,0,34.0,0,0,13.0,1,1,False,False,True,False,False,False,True,False,False,False
577,1,1,0,39.0,1,0,55.9,2,0,False,False,True,False,False,False,False,True,False,False
578,0,3,0,29.869351032448375,1,0,14.4583,2,0,True,False,False,False,False,False,False,False,False,True
579,1,3,1,32.0,0,0,7.925,1,1,False,False,True,False,False,False,False,False,True,False
580,1,2,0,25.0,1,1,30.0,3,0,False,False,True,False,False,False,False,True,False,False
581,1,1,0,39.0,1,1,110.8833,3,0,True,False,False,False,False,True,False,False,False,False
582,0,2,1,54.0,0,0,26.0,1,1,False,False,True,False,False,False,True,False,False,False
583,0,1,1,36.0,0,0,40.125,1,1,True,False,False,True,False,False,False,False,False,False
584,0,3,1,29.869351032448375,0,0,8.7125,1,1,True,False,False,False,False,False,False,True,False,False
585,1,1,0,18.0,0,2,79.65,3,0,False,False,True,False,False,False,False,True,False,False
586,0,2,1,47.0,0,0,15.0,1,1,False,False,True,False,False,False,False,True,False,False
587,1,1,1,60.0,1,1,79.2,3,0,True,False,False,False,True,False,False,False,False,False
590,0,3,1,35.0,0,0,7.125,1,1,False,False,True,False,False,False,False,True,False,False
591,1,1,0,52.0,1,0,78.2667,2,0,True,False,False,False,False,False,True,False,False,False
592,0,3,1,47.0,0,0,7.25,1,1,False,False,True,False,False,False,False,False,False,True
593,0,3,0,29.869351032448375,0,2,7.75,3,0,False,True,False,False,False,False,False,False,True,False
594,0,2,1,37.0,1,0,26.0,2,0,False,False,True,False,False,False,True,False,False,False
595,0,3,1,36.0,1,1,24.15,3,0,False,False,True,False,False,False,False,False,False,True
596,1,2,0,29.869351032448375,0,0,33.0,1,1,False,False,True,False,False,False,False,True,False,False
597,0,3,1,49.0,0,0,0.0,1,1,False,False,True,False,False,False,False,False,False,True
599,1,1,1,49.0,1,0,56.9292,2,0,True,False,False,True,False,False,False,False,False,False
600,1,2,0,24.0,2,1,27.0,4,0,False,False,True,False,False,False,False,True,False,False
602,0,1,1,29.869351032448375,0,0,42.4,1,1,False,False,True,False,False,True,False,False,False,False
603,0,3,1,44.0,0,0,8.05,1,1,False,False,True,False,False,False,False,True,False,False
604,1,1,1,35.0,0,0,26.55,1,1,True,False,False,True,False,False,False,False,False,False
605,0,3,1,36.0,1,0,15.55,2,0,False,False,True,False,False,False,False,True,False,False
606,0,3,1,30.0,0,0,7.8958,1,1,False,False,True,False,False,False,False,False,False,True
607,1,1,1,27.0,0,0,30.5,1,1,False,False,True,True,False,False,False,False,False,False
608,1,2,0,22.0,1,2,41.5792,4,0,True,False,False,False,False,False,True,False,False,False
609,1,1,0,40.0,0,0,153.4625,1,1,False,False,True,False,False,True,False,False,False,False
610,0,3,0,39.0,1,5,31.275,7,0,False,False,True,False,False,False,False,False,True,False
611,0,3,1,29.869351032448375,0,0,7.05,1,1,False,False,True,False,False,False,False,False,False,True
615,1,2,0,24.0,1,2,65.0,4,0,False,False,True,False,False,False,True,False,False,False
616,0,3,1,34.0,1,1,14.4,3,0,False,False,True,False,False,False,False,False,True,False
617,0,3,0,26.0,1,0,16.1,2,0,False,False,True,False,False,False,False,True,False,False
618,1,2,0,4.0,2,1,39.0,4,0,False,False,True,False,False,False,False,False,True,False
619,0,2,1,26.0,0,0,10.5,1,1,False,False,True,False,False,False,True,False,False,False
620,0,3,1,27.0,1,0,14.4542,2,0,True,False,False,False,False,False,False,False,True,False
621,1,1,1,42.0,1,0,52.5542,2,0,False,False,True,False,False,False,True,False,False,False
622,1,3,1,20.0,1,1,15.7417,3,0,True,False,False,False,False,False,False,False,True,False
623,0,3,1,21.0,0,0,7.8542,1,1,False,False,True,False,False,False,False,True,False,False
624,0,3,1,21.0,0,0,16.1,1,1,False,False,True,False,False,False,False,False,True,False
625,0,1,1,61.0,0,0,32.3208,1,1,False,False,True,False,False,False,True,False,False,False
626,0,2,1,57.0,0,0,12.35,1,1,False,True,False,False,False,False,True,False,False,False
627,1,1,0,21.0,0,0,77.9583,1,1,False,False,True,False,False,False,True,False,False,False
628,0,3,1,26.0,0,0,7.8958,1,1,False,False,True,False,False,False,False,False,False,True
629,0,3,1,29.869351032448375,0,0,7.7333,1,1,False,True,False,False,False,False,False,True,False,False
630,1,1,1,80.0,0,0,30.0,1,1,False,False,True,True,False,False,False,False,False,False
631,0,3,1,51.0,0,0,7.0542,1,1,False,False,True,False,False,False,False,False,False,True
632,1,1,1,32.0,0,0,30.5,1,1,True,False,False,False,True,False,False,False,False,False
633,0,1,1,29.869351032448375,0,0,0.0,1,1,False,False,True,True,False,False,False,False,False,False
634,0,3,0,9.0,3,2,27.9,6,0,False,False,True,False,False,False,False,False,True,False
637,0,2,1,31.0,1,1,26.25,3,0,False,False,True,False,False,False,False,True,False,False
638,0,3,0,41.0,0,5,39.6875,6,0,False,False,True,False,False,False,False,False,False,True
639,0,3,1,29.869351032448375,1,0,16.1,2,0,False,False,True,False,False,False,False,False,False,True
642,0,3,0,2.0,3,2,27.9,6,0,False,False,True,False,False,False,False,True,False,False
643,1,3,1,29.869351032448375,0,0,56.4958,1,1,False,False,True,False,False,False,False,True,False,False
645,1,1,1,48.0,1,0,76.7292,2,0,True,False,False,False,False,False,True,False,False,False
647,1,1,1,56.0,0,0,35.5,1,1,True,False,False,True,False,False,False,False,False,False
648,0,3,1,29.869351032448375,0,0,7.55,1,1,False,False,True,False,False,False,False,True,False,False
649,1,3,0,23.0,0,0,7.55,1,1,False,False,True,False,False,False,False,True,False,False
651,1,2,0,18.0,0,1,23.0,2,0,False,False,True,False,False,False,False,True,False,False
652,0,3,1,21.0,0,0,8.4333,1,1,False,False,True,False,False,False,False,True,False,False
653,1,3,0,29.869351032448375,0,0,7.8292,1,1,False,True,False,False,False,False,False,True,False,False
654,0,3,0,18.0,0,0,6.75,1,1,False,True,False,False,False,False,False,False,False,True
655,0,2,1,24.0,2,0,73.5,3,0,False,False,True,False,False,False,False,True,False,False
657,0,3,0,32.0,1,1,15.5,3,0,False,True,False,False,False,False,False,False,True,False
658,0,2,1,23.0,0,0,13.0,1,1,False,False,True,False,False,False,True,False,False,False
659,0,1,1,58.0,0,2,113.275,3,0,True,False,False,False,False,False,True,False,False,False
660,1,1,1,50.0,2,0,133.65,3,0,False,False,True,False,True,False,False,False,False,False
661,0,3,1,40.0,0,0,7.225,1,1,True,False,False,False,False,False,False,True,False,False
662,0,1,1,47.0,0,0,25.5875,1,1,False,False,True,False,False,False,False,True,False,False
663,0,3,1,36.0,0,0,7.4958,1,1,False,False,True,False,False,False,False,False,False,True
664,1,3,1,20.0,1,0,7.925,2,0,False,False,True,False,False,False,False,True,False,False
665,0,2,1,32.0,2,0,73.5,3,0,False,False,True,False,False,False,False,True,False,False
667,0,3,1,29.869351032448375,0,0,7.775,1,1,False,False,True,False,False,False,False,True,False,False
668,0,3,1,43.0,0,0,8.05,1,1,False,False,True,False,False,False,False,False,True,False
669,1,1,0,29.869351032448375,1,0,52.0,2,0,False,False,True,False,False,True,False,False,False,False
670,1,2,0,40.0,1,1,39.0,3,0,False,False,True,False,False,False,True,False,False,False
671,0,1,1,31.0,1,0,52.0,2,0,False,False,True,False,True,False,False,False,False,False
672,0,2,1,70.0,0,0,10.5,1,1,False,False,True,False,False,False,True,False,False,False
673,1,2,1,31.0,0,0,13.0,1,1,False,False,True,False,False,False,False,True,False,False
675,0,3,1,18.0,0,0,7.775,1,1,False,False,True,False,False,False,False,False,True,False
676,0,3,1,24.5,0,0,8.05,1,1,False,False,True,False,False,False,False,False,True,False
677,1,3,0,18.0,0,0,9.8417,1,1,False,False,True,False,False,False,False,True,False,False
678,0,3,0,43.0,1,6,46.9,8,0,False,False,True,False,False,False,False,True,False,False
679,1,1,1,36.0,0,1,512.3292,2,0,True,False,False,False,True,False,False,False,False,False
680,0,3,0,29.869351032448375,0,0,8.1375,1,1,False,True,False,False,False,False,False,True,False,False
681,1,1,1,27.0,0,0,76.7292,1,1,True,False,False,False,False,False,True,False,False,False
682,0,3,1,20.0,0,0,9.225,1,1,False,False,True,False,False,False,False,False,False,True
683,0,3,1,14.0,5,2,46.9,8,0,False,False,True,False,False,False,False,True,False,False
684,0,2,1,60.0,1,1,39.0,3,0,False,False,True,False,False,False,False,True,False,False
685,0,2,1,25.0,1,2,41.5792,4,0,True,False,False,False,False,False,False,True,False,False
686,0,3,1,14.0,4,1,39.6875,6,0,False,False,True,False,False,False,False,False,True,False
687,0,3,1,19.0,0,0,10.1708,1,1,False,False,True,False,False,False,False,True,False,False
688,0,3,1,18.0,0,0,7.7958,1,1,False,False,True,False,False,False,False,False,True,False
689,1,1,0,15.0,0,1,211.3375,2,0,False,False,True,False,True,False,False,False,False,False
690,1,1,1,31.0,1,0,57.0,2,0,False,False,True,False,True,False,False,False,False,False
691,1,3,0,4.0,0,1,13.4167,2,0,True,False,False,False,False,False,False,False,True,False
693,0,3,1,25.0,0,0,7.225,1,1,True,False,False,False,False,False,False,False,False,True
694,0,1,1,60.0,0,0,26.55,1,1,False,False,True,False,False,True,False,False,False,False
695,0,2,1,52.0,0,0,13.5,1,1,False,False,True,False,False,False,False,True,False,False
697,1,3,0,29.869351032448375,0,0,7.7333,1,1,False,True,False,False,False,False,False,False,False,True
698,0,1,1,49.0,1,1,110.8833,3,0,True,False,False,False,False,True,False,False,False,False
699,0,3,1,42.0,0,0,7.65,1,1,False,False,True,False,False,False,False,False,True,False
700,1,1,0,18.0,1,0,227.525,2,0,True,False,False,False,False,True,False,False,False,False
701,1,1,1,35.0,0,0,26.2875,1,1,False,False,True,False,False,False,False,True,False,False
702,0,3,0,18.0,0,1,14.4542,2,0,True,False,False,False,False,False,False,False,False,True
703,0,3,1,25.0,0,0,7.7417,1,1,False,True,False,False,False,False,False,False,True,False
704,0,3,1,26.0,1,0,7.8542,2,0,False,False,True,False,False,False,False,True,False,False
705,0,2,1,39.0,0,0,26.0,1,1,False,False,True,False,False,False,True,False,False,False
706,1,2,0,45.0,0,0,13.5,1,1,False,False,True,False,False,False,False,True,False,False
707,1,1,1,42.0,0,0,26.2875,1,1,False,False,True,False,False,False,False,True,False,False
708,1,1,0,22.0,0,0,151.55,1,1,False,False,True,True,False,False,False,False,False,False
710,1,1,0,24.0,0,0,49.5042,1,1,True,False,False,False,False,True,False,False,False,False
711,0,1,1,29.869351032448375,0,0,26.55,1,1,False,False,True,False,False,True,False,False,False,False
712,1,1,1,48.0,1,0,52.0,2,0,False,False,True,False,False,True,False,False,False,False
713,0,3,1,29.0,0,0,9.4833,1,1,False,False,True,False,False,False,False,False,False,True
714,0,2,1,52.0,0,0,13.0,1,1,False,False,True,False,False,False,False,True,False,False
715,0,3,1,19.0,0,0,7.65,1,1,False,False,True,False,False,False,False,False,True,False
716,1,1,0,38.0,0,0,227.525,1,1,True,False,False,False,False,True,False,False,False,False
717,1,2,0,27.0,0,0,10.5,1,1,False,False,True,False,False,False,False,True,False,False
718,0,3,1,29.869351032448375,0,0,15.5,1,1,False,True,False,False,False,False,False,True,False,False
719,0,3,1,33.0,0,0,7.775,1,1,False,False,True,False,False,False,False,True,False,False
720,1,2,0,6.0,0,1,33.0,2,0,False,False,True,False,False,False,False,True,False,False
721,0,3,1,17.0,1,0,7.0542,2,0,False,False,True,False,False,False,False,False,True,False
722,0,2,1,34.0,0,0,13.0,1,1,False,False,True,False,False,False,False,True,False,False
723,0,2,1,50.0,0,0,13.0,1,1,False,False,True,False,False,False,False,True,False,False
724,1,1,1,27.0,1,0,53.1,2,0,False,False,True,False,False,False,False,True,False,False
725,0,3,1,20.0,0,0,8.6625,1,1,False,False,True,False,False,False,False,False,False,True
726,1,2,0,30.0,3,0,21.0,4,0,False,False,True,False,False,False,True,False,False,False
727,1,3,0,29.869351032448375,0,0,7.7375,1,1,False,True,False,False,False,False,False,False,True,False
728,0,2,1,25.0,1,0,26.0,2,0,False,False,True,False,False,False,True,False,False,False
729,0,3,0,25.0,1,0,7.925,2,0,False,False,True,False,False,False,False,False,True,False
730,1,1,0,29.0,0,0,211.3375,1,1,False,False,True,False,True,False,False,False,False,False
731,0,3,1,11.0,0,0,18.7875,1,1,True,False,False,False,False,False,False,True,False,False
735,0,3,1,28.5,0,0,16.1,1,1,False,False,True,False,False,False,False,False,False,True
736,0,3,0,48.0,1,3,34.375,5,0,False,False,True,False,False,False,False,False,True,False
737,1,1,1,35.0,0,0,512.3292,1,1,True,False,False,False,True,False,False,False,False,False
740,1,1,1,29.869351032448375,0,0,30.0,1,1,False,False,True,False,False,False,True,False,False,False
741,0,1,1,36.0,1,0,78.85,2,0,False,False,True,False,False,True,False,False,False,False
742,1,1,0,21.0,2,2,262.375,5,0,True,False,False,False,True,False,False,False,False,False
743,0,3,1,24.0,1,0,16.1,2,0,False,False,True,False,False,False,False,True,False,False
744,1,3,1,31.0,0,0,7.925,1,1,False,False,True,False,False,False,False,False,False,True
745,0,1,1,70.0,1,1,71.0,3,0,False,False,True,False,True,False,False,False,False,False
746,0,3,1,16.0,1,1,20.25,3,0,False,False,True,False,False,False,False,False,False,True
747,1,2,0,30.0,0,0,13.0,1,1,False,False,True,False,False,False,True,False,False,False
748,0,1,1,19.0,1,0,53.1,2,0,False,False,True,False,False,False,True,False,False,False
749,0,3,1,31.0,0,0,7.75,1,1,False,True,False,False,False,False,False,False,True,False
750,1,2,0,4.0,1,1,23.0,3,0,False,False,True,False,False,False,False,True,False,False
751,1,3,1,6.0,0,1,12.475,2,0,False,False,True,False,False,False,False,True,False,False
752,0,3,1,33.0,0,0,9.5,1,1,False,False,True,False,False,False,False,True,False,False
753,0,3,1,23.0,0,0,7.8958,1,1,False,False,True,False,False,False,False,False,False,True
754,1,2,0,48.0,1,2,65.0,4,0,False,False,True,False,False,False,False,True,False,False
755,1,2,1,0.67,1,1,14.5,3,0,False,False,True,False,False,False,False,True,False,False
756,0,3,1,28.0,0,0,7.7958,1,1,False,False,True,False,False,False,False,False,False,True
759,1,1,0,33.0,0,0,86.5,1,1,False,False,True,False,True,False,False,False,False,False
761,0,3,1,41.0,0,0,7.125,1,1,False,False,True,False,False,False,False,True,False,False
762,1,3,1,20.0,0,0,7.2292,1,1,True,False,False,False,False,False,False,False,False,True
763,1,1,0,36.0,1,2,120.0,4,0,False,False,True,False,True,False,False,False,False,False
764,0,3,1,16.0,0,0,7.775,1,1,False,False,True,False,False,False,False,False,True,False
765,1,1,0,51.0,1,0,77.9583,2,0,False,False,True,False,False,False,True,False,False,False
766,0,1,1,29.869351032448375,0,0,39.6,1,1,True,False,False,False,False,True,False,False,False,False
767,0,3,0,30.5,0,0,7.75,1,1,False,True,False,False,False,False,False,False,True,False
768,0,3,1,29.869351032448375,1,0,24.15,2,0,False,True,False,False,False,False,False,False,False,True
769,0,3,1,32.0,0,0,8.3625,1,1,False,False,True,False,False,False,False,False,True,False
770,0,3,1,24.0,0,0,9.5,1,1,False,False,True,False,False,False,False,False,True,False
771,0,3,1,48.0,0,0,7.8542,1,1,False,False,True,False,False,False,False,False,True,False
772,0,2,0,57.0,0,0,10.5,1,1,False,False,True,False,False,False,False,True,False,False
774,1,2,0,54.0,1,3,23.0,5,0,False,False,True,False,False,False,False,True,False,False
775,0,3,1,18.0,0,0,7.75,1,1,False,False,True,False,False,False,False,False,False,True
776,0,3,1,29.869351032448375,0,0,7.75,1,1,False,True,False,False,False,False,False,False,True,False
777,1,3,0,5.0,0,0,12.475,1,1,False,False,True,False,False,False,False,True,False,False
778,0,3,1,29.869351032448375,0,0,7.7375,1,1,False,True,False,False,False,False,False,True,False,False
779,1,1,0,43.0,0,1,211.3375,2,0,False,False,True,False,True,False,False,False,False,False
780,1,3,0,13.0,0,0,7.2292,1,1,True,False,False,False,False,False,False,False,True,False
781,1,1,0,17.0,1,0,57.0,2,0,False,False,True,False,True,False,False,False,False,False
782,0,1,1,29.0,0,0,30.0,1,1,False,False,True,False,False,False,True,False,False,False
783,0,3,1,29.869351032448375,1,2,23.45,4,0,False,False,True,False,False,False,False,False,False,True
784,0,3,1,25.0,0,0,7.05,1,1,False,False,True,False,False,False,False,False,True,False
785,0,3,1,25.0,0,0,7.25,1,1,False,False,True,False,False,False,False,False,False,True
786,1,3,0,18.0,0,0,7.4958,1,1,False,False,True,False,False,False,False,False,False,True
787,0,3,1,8.0,4,1,29.125,6,0,False,True,False,False,False,False,False,True,False,False
788,1,3,1,1.0,1,2,20.575,4,0,False,False,True,False,False,False,False,False,False,True
789,0,1,1,46.0,0,0,79.2,1,1,True,False,False,False,True,False,False,False,False,False
791,0,2,1,16.0,0,0,26.0,1,1,False,False,True,False,False,False,False,True,False,False
793,0,1,1,29.869351032448375,0,0,30.6958,1,1,True,False,False,False,True,False,False,False,False,False
794,0,3,1,25.0,0,0,7.8958,1,1,False,False,True,False,False,False,False,False,False,True
795,0,2,1,39.0,0,0,13.0,1,1,False,False,True,False,False,False,True,False,False,False
796,1,1,0,49.0,0,0,25.9292,1,1,False,False,True,False,False,False,True,False,False,False
797,1,3,0,31.0,0,0,8.6833,1,1,False,False,True,False,False,False,False,False,True,False
798,0,3,1,30.0,0,0,7.2292,1,1,True,False,False,False,False,False,False,False,True,False
799,0,3,0,30.0,1,1,24.15,3,0,False,False,True,False,False,False,False,True,False,False
801,1,2,0,31.0,1,1,26.25,3,0,False,False,True,False,False,False,False,True,False,False
802,1,1,1,11.0,1,2,120.0,4,0,False,False,True,False,True,False,False,False,False,False
803,1,3,1,0.42,0,1,8.5167,2,0,True,False,False,False,False,False,False,False,False,True
804,1,3,1,27.0,0,0,6.975,1,1,False,False,True,False,False,False,False,False,False,True
805,0,3,1,31.0,0,0,7.775,1,1,False,False,True,False,False,False,False,False,False,True
806,0,1,1,39.0,0,0,0.0,1,1,False,False,True,True,False,False,False,False,False,False
807,0,3,0,18.0,0,0,7.775,1,1,False,False,True,False,False,False,False,False,True,False
809,1,1,0,33.0,1,0,53.1,2,0,False,False,True,False,False,False,False,True,False,False
810,0,3,1,26.0,0,0,7.8875,1,1,False,False,True,False,False,False,False,False,True,False
811,0,3,1,39.0,0,0,24.15,1,1,False,False,True,False,False,False,False,False,True,False
812,0,2,1,35.0,0,0,10.5,1,1,False,False,True,False,False,False,False,True,False,False
813,0,3,0,6.0,4,2,31.275,7,0,False,False,True,False,False,False,False,False,False,True
814,0,3,1,30.5,0,0,8.05,1,1,False,False,True,False,False,False,False,True,False,False
815,0,1,1,29.869351032448375,0,0,0.0,1,1,False,False,True,False,True,False,False,False,False,False
816,0,3,0,23.0,0,0,7.925,1,1,False,False,True,False,False,False,False,False,False,True
817,0,2,1,31.0,1,1,37.0042,3,0,True,False,False,False,False,False,False,True,False,False
818,0,3,1,43.0,0,0,6.45,1,1,False,False,True,False,False,False,False,False,False,True
819,0,3,1,10.0,3,2,27.9,6,0,False,False,True,False,False,False,False,True,False,False
820,1,1,0,52.0,1,1,93.5,3,0,False,False,True,False,True,False,False,False,False,False
821,1,3,1,27.0,0,0,8.6625,1,1,False,False,True,False,False,False,False,False,False,True
822,0,1,1,38.0,0,0,0.0,1,1,False,False,True,True,False,False,False,False,False,False
823,1,3,0,27.0,0,1,12.475,2,0,False,False,True,False,False,False,False,True,False,False
824,0,3,1,2.0,4,1,39.6875,6,0,False,False,True,False,False,False,False,False,True,False
825,0,3,1,29.869351032448375,0,0,6.95,1,1,False,True,False,False,False,False,False,False,False,True
826,0,3,1,29.869351032448375,0,0,56.4958,1,1,False,False,True,False,False,False,False,False,False,True
827,1,2,1,1.0,0,2,37.0042,3,0,True,False,False,False,False,False,False,True,False,False
828,1,3,1,29.869351032448375,0,0,7.75,1,1,False,True,False,False,False,False,False,True,False,False
829,1,1,0,62.0,0,0,80.0,1,1,False,False,True,False,True,False,False,False,False,False
830,1,3,0,15.0,1,0,14.4542,2,0,True,False,False,False,False,False,False,True,False,False
831,1,2,1,0.83,1,1,18.75,3,0,False,False,True,False,False,False,False,True,False,False
833,0,3,1,23.0,0,0,7.8542,1,1,False,False,True,False,False,False,False,True,False,False
834,0,3,1,18.0,0,0,8.3,1,1,False,False,True,False,False,False,False,True,False,False
835,1,1,0,39.0,1,1,83.1583,3,0,True,False,False,False,False,False,False,True,False,False
836,0,3,1,21.0,0,0,8.6625,1,1,False,False,True,False,False,False,False,True,False,False
839,1,1,1,29.869351032448375,0,0,29.7,1,1,True,False,False,False,False,True,False,False,False,False
840,0,3,1,20.0,0,0,7.925,1,1,False,False,True,False,False,False,False,True,False,False
841,0,2,1,16.0,0,0,10.5,1,1,False,False,True,False,False,False,True,False,False,False
842,1,1,0,30.0,0,0,31.0,1,1,True,False,False,True,False,False,False,False,False,False
843,0,3,1,34.5,0,0,6.4375,1,1,True,False,False,False,False,False,False,False,True,False
845,0,3,1,42.0,0,0,7.55,1,1,False,False,True,False,False,False,False,False,False,True
847,0,3,1,35.0,0,0,7.8958,1,1,True,False,False,False,False,False,False,True,False,False
848,0,2,1,28.0,0,1,33.0,2,0,False,False,True,False,False,False,False,True,False,False
849,1,1,0,29.869351032448375,1,0,89.1042,2,0,True,False,False,False,False,True,False,False,False,False
850,0,3,1,4.0,4,2,31.275,7,0,False,False,True,False,False,False,False,False,True,False
851,0,3,1,74.0,0,0,7.775,1,1,False,False,True,False,False,False,False,False,False,True
852,0,3,0,9.0,1,1,15.2458,3,0,True,False,False,False,False,False,False,False,False,True
853,1,1,0,16.0,0,1,39.4,2,0,False,False,True,False,False,False,True,False,False,False
854,0,2,0,44.0,1,0,26.0,2,0,False,False,True,False,False,False,True,False,False,False
855,1,3,0,18.0,0,1,9.35,2,0,False,False,True,False,False,False,False,False,False,True
856,1,1,0,45.0,1,1,164.8667,3,0,False,False,True,False,False,True,False,False,False,False
857,1,1,1,51.0,0,0,26.55,1,1,False,False,True,False,False,False,False,True,False,False
858,1,3,0,24.0,0,3,19.2583,4,0,True,False,False,False,False,False,False,False,True,False
860,0,3,1,41.0,2,0,14.1083,3,0,False,False,True,False,False,False,False,False,True,False
861,0,2,1,21.0,1,0,11.5,2,0,False,False,True,False,False,False,False,True,False,False
862,1,1,0,48.0,0,0,25.9292,1,1,False,False,True,False,False,False,True,False,False,False
864,0,2,1,24.0,0,0,13.0,1,1,False,False,True,False,False,False,True,False,False,False
865,1,2,0,42.0,0,0,13.0,1,1,False,False,True,False,False,False,True,False,False,False
866,1,2,0,27.0,1,0,13.8583,2,0,True,False,False,False,False,False,True,False,False,False
867,0,1,1,31.0,0,0,50.4958,1,1,False,False,True,True,False,False,False,False,False,False
868,0,3,1,29.869351032448375,0,0,9.5,1,1,False,False,True,False,False,False,False,True,False,False
869,1,3,1,4.0,1,1,11.1333,3,0,False,False,True,False,False,False,False,False,True,False
871,1,1,0,47.0,1,1,52.5542,3,0,False,False,True,False,False,False,True,False,False,False
872,0,1,1,33.0,0,0,5.0,1,1,False,False,True,False,True,False,False,False,False,False
873,0,3,1,47.0,0,0,9.0,1,1,False,False,True,False,False,False,False,True,False,False
874,1,2,0,28.0,1,0,24.0,2,0,True,False,False,False,False,False,True,False,False,False
875,1,3,0,15.0,0,0,7.225,1,1,True,False,False,False,False,False,False,False,False,True
876,0,3,1,20.0,0,0,9.8458,1,1,False,False,True,False,False,False,False,False,False,True
879,1,1,0,56.0,0,1,83.1583,2,0,True,False,False,False,False,True,False,False,False,False
880,1,2,0,25.0,0,1,26.0,2,0,False,False,True,False,False,False,False,True,False,False
881,0,3,1,33.0,0,0,7.8958,1,1,False,False,True,False,False,False,False,True,False,False
882,0,3,0,22.0,0,0,10.5167,1,1,False,False,True,False,False,False,False,False,False,True
883,0,2,1,28.0,0,0,10.5,1,1,False,False,True,False,False,False,True,False,False,False
885,0,3,0,39.0,0,5,29.125,6,0,False,True,False,False,False,False,False,True,False,False
887,1,1,0,19.0,0,0,30.0,1,1,False,False,True,False,True,False,False,False,False,False
888,0,3,0,29.869351032448375,1,2,23.45,4,0,False,False,True,False,False,False,False,False,True,False
889,1,1,1,26.0,0,0,30.0,1,1,True,False,False,False,False,True,False,False,False,False
890,0,3,1,32.0,0,0,7.75,1,1,False,True,False,False,False,False,False,True,False,False
